state,month,retail,lmp,co2,gas,hdd,cdd,va,in_rggi_va,rggi_cont,synthetic
CT,2018-01-01,161.799138650358,48.5444821457684,2.67511171566176,3.26472821688183,719.643779415588,0,0,0,TRUE,TRUE
CT,2018-02-01,156.920569024245,45.3522159925532,2.46468034429428,3.11792363353385,498.90966821813,0,0,0,TRUE,TRUE
CT,2018-03-01,157.536632698578,46.1418923464432,2.56187125265066,3.22802907910308,357.985239573061,0,0,0,TRUE,TRUE
CT,2018-04-01,164.241817013141,53.0993571099615,2.42218907816882,3.82305146781781,138.551863072775,55.9094981381925,0,0,TRUE,TRUE
CT,2018-05-01,162.321135880887,47.9150156755702,2.43342090678061,3.11881616870475,0,184.650700027392,0,0,TRUE,TRUE
CT,2018-06-01,172.325558422334,52.9684765273656,2.17017906447324,3.61089811094455,0,391.339081481177,0,0,TRUE,TRUE
CT,2018-07-01,163.622057375511,51.2826697928902,2.20365341461564,2.8146349786729,0,462.846203851858,0,0,TRUE,TRUE
CT,2018-08-01,164.589239132486,54.0789529183605,2.27935268869234,3.26034263480037,0,383.4939970465,0,0,TRUE,TRUE
CT,2018-09-01,163.055500670515,46.8690047741104,2.12630316266217,2.57764598694446,0,221.373968029233,0,0,TRUE,TRUE
CT,2018-10-01,170.240648553793,50.9110232555304,2.15371008355962,2.94607587788898,54.2048506487055,0,0,0,TRUE,TRUE
CT,2018-11-01,168.388283377099,48.2361817303431,1.96187977945195,2.85970947625325,352.541349442298,0,0,0,TRUE,TRUE
CT,2018-12-01,172.714420211624,50.7718639159619,2.24431440951209,2.8768908990169,661.600241117951,0,0,0,TRUE,TRUE
CT,2019-01-01,177.0631464372,57.6257168259344,1.93135568282677,2.95451645296943,563.598843648219,0,0,0,TRUE,TRUE
CT,2019-02-01,186.73556677153,62.3748713873152,2.30326974827386,4.50420535062734,627.011927353409,0,0,0,TRUE,TRUE
CT,2019-03-01,173.565808716462,48.9344951282426,1.66038269035543,2.9398728183773,403.928757428255,0,0,0,TRUE,TRUE
CT,2019-04-01,181.723286648581,58.9520948385869,1.85952011919731,3.74638492733526,18.4021793659439,0,0,0,TRUE,TRUE
CT,2019-05-01,181.585092443095,54.7402985031356,1.83650467983658,3.25655152431245,0,167.283162163443,0,0,TRUE,TRUE
CT,2019-06-01,180.465988241601,55.6073567697029,1.71179959981396,3.15791526816381,0,323.375671724097,0,0,TRUE,TRUE
CT,2019-07-01,182.715281516466,57.2518257148468,1.77472446129878,3.31833727626619,0,605.349462467534,0,0,TRUE,TRUE
CT,2019-08-01,180.905391259091,54.6624955330025,1.70790668791703,2.68966760749141,0,436.282054510091,0,0,TRUE,TRUE
CT,2019-09-01,178.311458969535,56.9813037347803,1.43723682305236,2.73815392943041,0,181.701775998212,0,0,TRUE,TRUE
CT,2019-10-01,182.109045504331,55.2695175278359,1.66624198766626,2.59918802518586,153.970829152473,23.4965332790088,0,0,TRUE,TRUE
CT,2019-11-01,181.873165486007,57.3731158466826,1.61779700778909,2.48562567595371,339.791196686086,0,0,0,TRUE,TRUE
CT,2019-12-01,192.383813818468,61.7849066662938,1.45092469274481,2.99741442686645,569.192257593155,0,0,0,TRUE,TRUE
CT,2020-01-01,194.445345487686,60.1803528468247,1.56083616360028,3.21634077026312,709.183810608501,0,0,0,TRUE,TRUE
CT,2020-02-01,199.366378618475,63.5651939758038,1.50392579317489,3.3772827370383,641.290723007684,0,0,0,TRUE,TRUE
CT,2020-03-01,191.5393746093,57.9211539787521,1.21410499559007,2.91117051147568,310.713123206995,0,0,0,TRUE,TRUE
CT,2020-04-01,198.58134697609,62.9353196323915,1.29946692796295,3.54626836355877,0,47.5143694734985,0,0,TRUE,TRUE
CT,2020-05-01,205.461941752639,66.3159012812572,1.27188529982343,3.83929877037197,0,211.815509974508,0,0,TRUE,TRUE
CT,2020-06-01,196.071563553999,56.7378278131135,1.25695597457015,2.29221759777028,0,446.935220712803,0,0,TRUE,TRUE
CT,2020-07-01,199.522369739684,58.0993125240024,1.1846128227748,2.88553872413502,0,411.276321623757,0,0,TRUE,TRUE
CT,2020-08-01,201.142347788702,61.7659527004413,1.29678717227083,2.75072868609076,0,465.309967137166,0,0,TRUE,TRUE
CT,2020-09-01,194.627406463685,56.5025238290347,0.984374459821564,2.26454373825061,0,260.229185043346,0,0,TRUE,TRUE
CT,2020-10-01,194.013758440448,60.5903548558278,0.885704523369796,2.54164679252743,0,0,0,0,TRUE,TRUE
CT,2020-11-01,194.364654734725,56.4982442618832,0.87013197287022,1.78621246692249,293.83447264633,0,0,0,TRUE,TRUE
CT,2020-12-01,212.497226958329,63.4782341201083,0.838644675093897,3.15687609420432,665.767627118629,0,0,0,TRUE,TRUE
CT,2021-01-01,213.906949227219,68.5878587284362,0.965353603837867,3.61661546597611,722.498992734938,0,0,0,TRUE,TRUE
CT,2021-02-01,208.676857952169,71.0129905131234,0.960415659938682,3.38678678966162,507.076462694801,0,0,0,TRUE,TRUE
CT,2021-03-01,215.227954559802,67.0461610456155,0.954061996519757,3.31565096353271,386.789136782527,0,0,0,TRUE,TRUE
CT,2021-04-01,217.505929296109,65.9390199809391,0.720131829949989,3.34778792875676,5.78881896357596,71.0055516127434,0,0,TRUE,TRUE
CT,2021-05-01,221.769052690599,72.2663709087788,0.907893388610333,3.84384752949586,0,379.595416303434,0,0,TRUE,TRUE
CT,2021-06-01,214.533737066065,68.8691004551595,0.839094375355728,3.11516747118567,0,446.721378526823,0,0,TRUE,TRUE
CT,2021-07-01,215.450422641901,65.8244803684618,0.721624307649679,2.59019100813153,0,490.382660249605,0,0,TRUE,TRUE
CT,2021-08-01,215.229868693563,69.5045085115887,0.496648246992279,2.33038844909917,0,462.321964816827,0,0,TRUE,TRUE
CT,2021-09-01,214.545519197153,63.4224337386283,0.411487606640857,2.34180247988922,0,107.28740591506,0,0,TRUE,TRUE
CT,2021-10-01,214.803594049536,64.0070000585355,0.358136318584756,2.06015438774495,0,0,0,0,TRUE,TRUE
CT,2021-11-01,213.327192027172,66.6097261981965,0.400767864262174,2.04632918994304,393.888173431327,0,0,0,TRUE,TRUE
CT,2021-12-01,226.097542416992,70.9386421600647,0.256067461686001,2.36643882048348,532.433658683287,0,0,0,TRUE,TRUE
CT,2022-01-01,228.583146959975,73.7808363869662,0.241887390125323,3.30882738787983,611.215639312711,0,0,0,TRUE,TRUE
CT,2022-02-01,231.707365354081,72.5133927052149,0.210342620498899,2.83549639887516,600.24629883586,0,0,0,TRUE,TRUE
CT,2022-03-01,237.968406410064,73.080538609035,0.3741663440918,3.74592232748611,408.981311652383,0,0,0,TRUE,TRUE
CT,2022-04-01,229.577084309111,71.373586597305,0.266756837814231,3.11477304731454,0,48.3829116735548,0,0,TRUE,TRUE
CT,2022-05-01,233.143431630957,75.4991540391183,0.308904202726363,3.24838849367022,0,300.565706591304,0,0,TRUE,TRUE
CT,2022-06-01,242.093804443422,77.412476151673,0.433090892277318,3.61809653204662,0,323.833159249218,0,0,TRUE,TRUE
CT,2022-07-01,234.871913868034,76.2127475825501,0.0998118976746301,3.15264235537796,0,447.769789811278,0,0,TRUE,TRUE
CT,2022-08-01,235.882687431415,71.0439640506303,0.0620273206481996,2.99079072471392,0,448.523884915493,0,0,TRUE,TRUE
CT,2022-09-01,232.772592427921,74.6865973318473,-0.14573866294403,2.74994614262569,0,254.921293959857,0,0,TRUE,TRUE
CT,2022-10-01,232.715097111439,68.8369537242869,-0.00867871332438836,2.10826385702422,0,0,0,0,TRUE,TRUE
CT,2022-11-01,240.475520581803,76.3710831063127,-0.306861106772229,2.41266728818789,298.47501059325,0,0,0,TRUE,TRUE
CT,2022-12-01,244.032501382386,73.7956691175623,-0.0774354773831838,2.8858100012116,653.557071955268,0,0,0,TRUE,TRUE
CT,2023-01-01,242.65881148726,79.071788001927,-0.11562072914331,2.92078049049459,685.120928354704,0,0,0,TRUE,TRUE
CT,2023-02-01,250.973469355771,82.0945143468954,-0.18976184363366,3.27643528958275,572.5330380777,0,0,0,TRUE,TRUE
CT,2023-03-01,257.471535972368,80.4756665100183,-0.282274269222401,3.80783799527716,341.611918734498,0,0,0,TRUE,TRUE
CT,2023-04-01,249.465667691548,81.1756220547896,-0.156350242012441,3.79189708252924,0,0,0,0,TRUE,TRUE
CT,2023-05-01,257.75079429281,85.0976785323288,-0.169137794274142,3.60544603261611,0,233.729185360311,0,0,TRUE,TRUE
CT,2023-06-01,253.698045130464,79.5808791979348,-0.385664158238614,3.14543377951694,0,432.693828833765,0,0,TRUE,TRUE
CT,2023-07-01,255.146154078088,79.519150553442,-0.431443207354135,3.07401496297802,0,511.126375017897,0,0,TRUE,TRUE
CT,2023-08-01,256.901486785171,75.9494107277512,-0.445376700881071,2.86301208345784,0,423.947118443285,0,0,TRUE,TRUE
CT,2023-09-01,257.841905747854,82.4706943386059,-0.582285561341093,2.80005307027315,0,247.371978733573,0,0,TRUE,TRUE
CT,2023-10-01,246.300434897356,74.7930823537048,-0.627966289791252,2.24722829442134,20.6021262805098,55.5763454774518,0,0,TRUE,TRUE
CT,2023-11-01,257.11361626478,83.2538382214231,-0.738508012876689,2.67542149061533,435.710281849307,0,0,0,TRUE,TRUE
CT,2023-12-01,257.163295233006,83.7589657441285,-0.626923585812517,2.61681558807828,665.230617024197,0,0,0,TRUE,TRUE
CT,2024-01-01,268.38777470466,84.2485448874454,-0.535558340485934,3.20141341351688,612.217884074539,0,0,0,TRUE,TRUE
CT,2024-02-01,255.393895659571,81.8676979857049,-0.701899595000505,1.887475785936,782.19427072476,0,0,0,TRUE,TRUE
CT,2024-03-01,275.040203309195,86.3380057681413,-0.700236997656676,3.74845460562555,466.679397763112,0,0,0,TRUE,TRUE
CT,2024-04-01,273.79312145008,88.6587321680992,-0.55460852592897,3.94264043646035,109.302589866215,0,0,0,TRUE,TRUE
CT,2024-05-01,271.339575253085,85.635406180973,-0.622433991562342,3.488953714957,0,248.028307026171,0,0,TRUE,TRUE
CT,2024-06-01,275.484222825671,85.4243034981757,-0.774231972676635,3.55062759729853,0,346.706823269638,0,0,TRUE,TRUE
CT,2024-07-01,271.472859684177,86.0365777566443,-1.01301378334581,2.66282843405081,0,465.894225644748,0,0,TRUE,TRUE
CT,2024-08-01,269.77565617016,86.5539030466618,-1.12681901962538,2.6165367173436,0,400.621206724561,0,0,TRUE,TRUE
CT,2024-09-01,270.08822375801,86.8947281373185,-1.11918919170964,2.73099122793445,0,221.033143620973,0,0,TRUE,TRUE
CT,2024-10-01,277.303650384572,86.8430014047686,-0.972877305743051,2.56140197587345,0,0,0,0,TRUE,TRUE
CT,2024-11-01,278.546949587874,83.0606095849071,-1.23314546486542,2.40140535465437,368.231068170982,0,0,0,TRUE,TRUE
CT,2024-12-01,273.364236398665,87.1146843802873,-1.10638229027717,2.20290677957544,543.929458132557,0,0,0,TRUE,TRUE
CT,2025-01-01,282.348154681464,93.2457494497816,-1.08640464476918,3.10010957383449,621.600285514381,0,0,0,TRUE,TRUE
CT,2025-02-01,284.152970277862,90.2799211394668,-1.21324997567537,3.30006387296438,517.573902423037,0,0,0,TRUE,TRUE
CT,2025-03-01,289.035587388946,92.0213012869313,-1.24559777570427,3.68059738916552,433.084871527713,0,0,0,TRUE,TRUE
CT,2025-04-01,286.146112462309,94.4749252173851,-1.20631210383644,3.53189423571992,0,0,0,0,TRUE,TRUE
CT,2025-05-01,294.369333475284,95.7963496287959,-1.23595136769277,3.7776388819679,0,208.007008049186,0,0,TRUE,TRUE
CT,2025-06-01,294.512507695537,93.8953877951614,-1.40594288397228,3.15472189824602,0,371.462349354518,0,0,TRUE,TRUE
CT,2025-07-01,290.314713991396,94.3104733009729,-1.41870320130853,3.50032443637756,0,495.379645827344,0,0,TRUE,TRUE
CT,2025-08-01,287.002953379345,86.115646544249,-1.5530038498981,2.4120411900318,0,465.515640306635,0,0,TRUE,TRUE
CT,2025-09-01,289.035640987162,95.7222902624019,-1.49196703454155,2.68529544867878,0,194.717467328655,0,0,TRUE,TRUE
CT,2025-10-01,292.862502427421,91.8629445499271,-1.53810934185279,2.86762364173551,56.76651060772,0,0,0,TRUE,TRUE
CT,2025-11-01,299.617470003826,93.3042079363586,-1.61363038225458,3.00301495692175,373.697467293131,0,0,0,TRUE,TRUE
CT,2025-12-01,298.059476099914,93.7398738376991,-1.80373807204922,2.69729143303518,460.527072900406,0,0,0,TRUE,TRUE
CT,2026-01-01,301.469986339678,94.5202898067828,-1.79099973672286,2.9191443249618,595.888459534257,0,0,0,TRUE,TRUE
CT,2026-02-01,298.09340533631,93.0916651056702,-1.84287038518247,2.42330076494274,514.129645040022,0,0,0,TRUE,TRUE
CT,2026-03-01,307.514297442541,98.6962429852949,-1.48901493474264,3.66304379019577,352.221222540798,0,0,0,TRUE,TRUE
CT,2026-04-01,305.04948402591,102.182050358722,-1.80077953688061,3.61847024780412,73.1492528975375,81.0352733783446,0,0,TRUE,TRUE
CT,2026-05-01,306.101806258753,95.9290748076643,-1.87746701059842,3.07885089589803,0,169.780603262483,0,0,TRUE,TRUE
CT,2026-06-01,304.041871138384,96.6218640224294,-1.94384162005121,3.22423583721331,0,385.571265907319,0,0,TRUE,TRUE
DE,2018-01-01,130.131772812341,59.5136480141075,2.10718014545041,2.99590996206981,768.817956177487,0,0,0,TRUE,TRUE
DE,2018-02-01,138.760546198639,68.5928675996057,1.99492547839967,3.95890635790742,603.819780272149,0,0,0,TRUE,TRUE
DE,2018-03-01,133.515005135666,63.5342443445184,2.13121044983317,3.56228170153501,248.839228745725,0,0,0,TRUE,TRUE
DE,2018-04-01,140.774730439204,70.0847230705654,1.77129132163232,3.92757445014555,6.57483530286603,0,0,0,TRUE,TRUE
DE,2018-05-01,139.769195827168,67.6574250764179,1.9728352091266,3.52695628992179,0,292.606210825466,0,0,TRUE,TRUE
DE,2018-06-01,140.10870338184,65.9493009180807,1.92311727569109,3.51442202325672,0,501.433826264965,0,0,TRUE,TRUE
DE,2018-07-01,139.882634630254,60.6910800284348,1.78130452597018,2.96660358222159,0,572.595635896512,0,0,TRUE,TRUE
DE,2018-08-01,141.776395874805,68.4309841123153,1.60486627947488,3.20894460347187,0,528.743290033821,0,0,TRUE,TRUE
DE,2018-09-01,138.321025166573,63.4409140888788,1.62497284080034,2.2197806307746,0,244.920809367304,0,0,TRUE,TRUE
DE,2018-10-01,139.173139511567,62.5176821011353,1.64476074066753,2.40693947623055,0,0,0,0,TRUE,TRUE
DE,2018-11-01,137.086074396633,61.8479596571399,1.36990294951486,1.9833340045688,375.097851126346,0,0,0,TRUE,TRUE
DE,2018-12-01,151.481442713166,68.8743701566216,1.6505098575891,3.21093290293178,728.33759315185,0,0,0,TRUE,TRUE
DE,2019-01-01,148.905698536273,67.2385471145876,1.43346040874193,2.94225293318797,772.266733676301,0,0,0,TRUE,TRUE
DE,2019-02-01,150.279509810584,62.5772898687945,1.48715559738819,2.25342211709242,549.900329987622,0,0,0,TRUE,TRUE
DE,2019-03-01,164.779301688134,74.193587262449,1.40103542603641,3.77792003360873,362.917970617673,0,0,0,TRUE,TRUE
DE,2019-04-01,158.006651572258,72.204255313687,1.47059683401043,3.91052956068176,70.7244297755128,25.2772814726018,0,0,TRUE,TRUE
DE,2019-05-01,162.773634817453,72.8996772670201,1.42699063258596,3.71025914709428,0,300.688543474793,0,0,TRUE,TRUE
DE,2019-06-01,159.697426408202,70.9689195537983,1.35512835909621,3.20243971935216,0,467.852455060411,0,0,TRUE,TRUE
DE,2019-07-01,154.544732636155,66.9994390007193,1.41882464672075,2.32159600437122,0,449.580349366468,0,0,TRUE,TRUE
DE,2019-08-01,152.101276306825,67.2544794844494,1.15385047826864,2.29560593550879,0,367.071874129669,0,0,TRUE,TRUE
DE,2019-09-01,152.678932040188,67.4312592862692,1.14691191859894,2.36358602899219,0,186.45184281936,0,0,TRUE,TRUE
DE,2019-10-01,158.878015500368,67.9008441881154,1.2032381285891,2.21605189311015,59.7754852835377,0,0,0,TRUE,TRUE
DE,2019-11-01,164.503937505786,72.0066073873276,1.16747427900791,2.76083386574027,270.773271977272,0,0,0,TRUE,TRUE
DE,2019-12-01,169.995636717472,73.1939830305971,1.37027942305575,3.36907116549049,684.385046708982,0,0,0,TRUE,TRUE
DE,2020-01-01,162.403895393148,68.5100725078119,1.14455633498396,2.6943289548351,679.573540420186,0,0,0,TRUE,TRUE
DE,2020-02-01,169.655382479499,73.1723398355641,1.09910041473899,2.7595622429756,535.912442129235,0,0,0,TRUE,TRUE
DE,2020-03-01,175.158229178282,78.9302564412613,1.1798773101124,3.83690594029183,348.281775879911,0,0,0,TRUE,TRUE
DE,2020-04-01,176.91850049053,79.1702649295009,0.936431365970165,3.70534568216522,0,0,0,0,TRUE,TRUE
DE,2020-05-01,174.768966042754,80.7392222060526,1.23740209254157,3.23389141470528,0,276.358171712747,0,0,TRUE,TRUE
DE,2020-06-01,181.893619081096,83.5713443318538,1.13421882404041,3.67742876568003,0,335.259346027512,0,0,TRUE,TRUE
DE,2020-07-01,170.028975629196,73.1873705021041,0.938314362403617,2.79609760178769,0,568.284353503678,0,0,TRUE,TRUE
DE,2020-08-01,171.32322148945,76.113965195876,0.830294938557204,2.19720727124128,0,418.316057739357,0,0,TRUE,TRUE
DE,2020-09-01,174.765681841028,71.6507387412427,0.701436087318711,2.27744542887657,0,217.651728492564,0,0,TRUE,TRUE
DE,2020-10-01,176.714961173247,74.0016932483832,0.864168852349082,2.73582450174397,0,39.511763502987,0,0,TRUE,TRUE
DE,2020-11-01,167.004870349104,70.1696671314459,0.732155910085481,1.45461766117317,296.28711450877,0,0,0,TRUE,TRUE
DE,2020-12-01,180.546983036273,77.1360239777322,0.631146290641957,2.6147518121465,590.806336979851,0,0,0,TRUE,TRUE
DE,2021-01-01,182.288577076146,79.2634587595604,0.648914208666024,2.76404877472755,707.126154622694,0,0,0,TRUE,TRUE
DE,2021-02-01,188.672513299379,79.4458804891216,0.700584407651318,3.39402416050036,603.479068311509,0,0,0,TRUE,TRUE
DE,2021-03-01,185.354391661579,75.4583791515282,0.555440180610823,2.91340848473278,305.383636949883,0,0,0,TRUE,TRUE
DE,2021-04-01,187.287979445165,81.2510595202623,0.688797957581789,3.031047740043,19.0252027032723,67.9569285181025,0,0,TRUE,TRUE
DE,2021-05-01,196.693892415189,86.1175441999614,0.518382552663913,3.40196264477731,0,283.963518080425,0,0,TRUE,TRUE
DE,2021-06-01,184.965571077759,78.1598550352243,0.545674583021718,2.30091343987181,0,386.9255290161,0,0,TRUE,TRUE
DE,2021-07-01,203.482862743066,88.5519104227126,0.734323932808535,3.88216814386736,0,474.372329778397,0,0,TRUE,TRUE
DE,2021-08-01,189.390393911219,79.5660216827286,0.391700649185622,2.45006233681275,0,454.960679501631,0,0,TRUE,TRUE
DE,2021-09-01,192.271321273844,82.2854114356518,0.40789465656702,2.79661699981098,0,229.694377574659,0,0,TRUE,TRUE
DE,2021-10-01,189.623290962226,83.6685006686635,0.514004155262515,2.69752645317563,18.1681390330668,0,0,0,TRUE,TRUE
DE,2021-11-01,199.277345790276,83.7650327065309,0.31950683401159,2.623991820918,317.939167896521,0,0,0,TRUE,TRUE
DE,2021-12-01,196.726737425739,80.7291950551335,0.173034528491183,2.5245305302149,603.355857907866,0,0,0,TRUE,TRUE
DE,2022-01-01,197.44503585803,86.1221743400755,0.322067793727111,2.45220994241055,665.530405377311,0,0,0,TRUE,TRUE
DE,2022-02-01,203.854613707387,87.7554995641959,0.425537023535265,3.07136915673871,539.513133150651,0,0,0,TRUE,TRUE
DE,2022-03-01,217.608929945381,90.2051679321609,0.437711916299898,3.5861993537959,338.329318662187,0,0,0,TRUE,TRUE
DE,2022-04-01,207.008591108703,89.6234180405244,0.463299235320737,3.02028812733773,6.63434639181508,0,0,0,TRUE,TRUE
DE,2022-05-01,218.100006161162,89.0045610913317,0.18905931413939,3.68447228909419,0,202.714893702899,0,0,TRUE,TRUE
DE,2022-06-01,212.352456118834,90.2132042182702,0.137545266913159,3.74907847208832,0,437.69966256993,0,0,TRUE,TRUE
DE,2022-07-01,211.188369913292,89.8409487089856,0.026175495418443,3.33817564232962,0,551.464877776098,0,0,TRUE,TRUE
DE,2022-08-01,214.771144740337,88.4611837463561,0.146075498447683,3.21200021028212,0,433.580045646949,0,0,TRUE,TRUE
DE,2022-09-01,212.716787279073,88.917814474326,0.145098534218383,2.49000148754049,0,252.460873921808,0,0,TRUE,TRUE
DE,2022-10-01,210.542680087802,87.6046276188619,0.0302670914614689,2.51567403321115,15.4689048813701,0,0,0,TRUE,TRUE
DE,2022-11-01,213.665148650592,92.5637864553644,-0.110432779855478,2.65457987213265,205.6662951486,0,0,0,TRUE,TRUE
DE,2022-12-01,214.383123687448,91.4542121660737,-0.172836438167752,2.68863351455996,625.119958118873,0,0,0,TRUE,TRUE
DE,2023-01-01,225.144997978735,88.8420722024161,-0.141632870320887,3.27074353128916,770.680837023698,0,0,0,TRUE,TRUE
DE,2023-02-01,224.391543728373,92.045735918957,-0.0429808844500047,3.28017050053807,514.852660759072,0,0,0,TRUE,TRUE
DE,2023-03-01,225.08331211913,95.2908146555635,-0.169549657727968,3.69709143332219,291.328404894915,0,0,0,TRUE,TRUE
DE,2023-04-01,233.245175128237,99.8255191023352,0.0515430235402988,4.20506146872381,68.1896358103498,30.4772348331563,0,0,TRUE,TRUE
DE,2023-05-01,227.895893708053,95.5281018091003,-0.159050380092878,3.84452042095044,0,169.387616032645,0,0,TRUE,TRUE
DE,2023-06-01,222.498635083707,93.7943015625785,-0.39050909429216,2.64651280845103,0,431.829069609089,0,0,TRUE,TRUE
DE,2023-07-01,231.292709771327,87.1082371490181,-0.425272997877585,2.80357719964868,0,498.639338329031,0,0,TRUE,TRUE
DE,2023-08-01,232.174029927153,94.9332529880183,-0.318174841310569,3.1693198921379,0,501.498500036605,0,0,TRUE,TRUE
DE,2023-09-01,230.155408836447,99.1166916456366,-0.325460630822217,3.0735795898841,0,222.255218010943,0,0,TRUE,TRUE
DE,2023-10-01,227.104991942503,92.2130402183093,-0.592901070258899,2.27067828686122,0,64.8716845867095,0,0,TRUE,TRUE
DE,2023-11-01,231.267720968531,94.8119198298863,-0.526577200374636,2.59181573589518,396.661071791625,0,0,0,TRUE,TRUE
DE,2023-12-01,237.204027230593,90.5677413543344,-0.48113640188654,2.29573800598738,617.065836738365,0,0,0,TRUE,TRUE
DE,2024-01-01,236.36933791925,94.3507966449282,-0.59628623640008,2.59591677098696,706.801723431399,0,0,0,TRUE,TRUE
DE,2024-02-01,236.000692366301,95.2670367764484,-0.589872270405148,2.46980202510783,692.317172354096,0,0,0,TRUE,TRUE
DE,2024-03-01,245.270705405142,103.380763880078,-0.413794433395118,3.80113499933283,351.937620241411,0,0,0,TRUE,TRUE
DE,2024-04-01,251.162418204586,105.588448666344,-0.633973724125188,3.94369046340686,0,22.1718914993551,0,0,TRUE,TRUE
DE,2024-05-01,243.729214210872,98.9311607997942,-0.54516314936221,3.2897753244132,0,299.26711343898,0,0,TRUE,TRUE
DE,2024-06-01,246.844127588744,101.041748985463,-0.584600983424359,3.29367101809606,0,468.611450307646,0,0,TRUE,TRUE
DE,2024-07-01,248.891015639048,98.3186543725464,-0.649372566150238,3.07107549674239,0,570.024013110354,0,0,TRUE,TRUE
DE,2024-08-01,244.692717177673,93.6143344697104,-0.622820675947845,2.7562334090426,0,388.489282539678,0,0,TRUE,TRUE
DE,2024-09-01,237.828809337926,93.0088569139654,-1.18423731384876,1.66495727806165,0,238.461732003444,0,0,TRUE,TRUE
DE,2024-10-01,246.515526734904,96.387620888805,-0.873062240924646,2.23975775972997,0,0,0,0,TRUE,TRUE
DE,2024-11-01,249.452033735562,99.592848024474,-0.924794486518961,2.39828133291355,349.996068030891,0,0,0,TRUE,TRUE
DE,2024-12-01,258.135142010943,102.925323829087,-0.944457563991763,2.96881332094196,547.254787864764,0,0,0,TRUE,TRUE
DE,2025-01-01,260.534789001022,106.349546430256,-0.922110993893685,3.43217387670581,664.257159808867,0,0,0,TRUE,TRUE
DE,2025-02-01,259.795613244278,108.956809071258,-0.858761006108281,3.01546731468463,707.142203371342,0,0,0,TRUE,TRUE
DE,2025-03-01,262.031832956888,109.616318964085,-0.811710793492516,3.70597558259314,305.827647090846,0,0,0,TRUE,TRUE
DE,2025-04-01,268.247855446285,105.374923869409,-0.85215124687899,3.57383370900255,0,78.7711739432676,0,0,TRUE,TRUE
DE,2025-05-01,262.918306703339,107.803543869296,-1.0284712219442,3.29583352095074,0,254.17713124952,0,0,TRUE,TRUE
DE,2025-06-01,265.543504371435,104.892085973692,-1.12300179045911,3.2669929276652,0,516.659381481587,0,0,TRUE,TRUE
DE,2025-07-01,266.216995271023,108.813135716029,-1.16863999890977,3.16627551148096,0,361.295751164084,0,0,TRUE,TRUE
DE,2025-08-01,266.026519815075,109.220045422667,-1.0573383245504,3.46556076359181,0,359.63815722085,0,0,TRUE,TRUE
DE,2025-09-01,266.826999870789,105.407192499703,-1.34274820136353,2.62290584741203,0,339.743022172687,0,0,TRUE,TRUE
DE,2025-10-01,264.629675699757,103.700259942331,-1.30364649249311,2.80218814677272,0,19.2023881315522,0,0,TRUE,TRUE
DE,2025-11-01,267.437582224026,104.806082432091,-1.19290637283958,2.5800588066913,312.608066386796,0,0,0,TRUE,TRUE
DE,2025-12-01,270.771337947212,110.067814787607,-1.26208052414229,2.73171286907354,638.029237429472,0,0,0,TRUE,TRUE
DE,2026-01-01,279.722061780825,107.451418738099,-1.35637083827977,3.13632048465877,769.518098985858,0,0,0,TRUE,TRUE
DE,2026-02-01,279.398382315922,109.518675460764,-1.38379295517709,3.37078445195796,618.36938713856,0,0,0,TRUE,TRUE
DE,2026-03-01,282.663046731868,112.250821234147,-1.29167822338623,3.57939724778593,428.540423466909,0,0,0,TRUE,TRUE
DE,2026-04-01,283.387366163507,115.030457432392,-1.33513645091963,3.8255857063272,50.1097122140531,107.642522355605,0,0,TRUE,TRUE
DE,2026-05-01,289.838485374953,116.401573201546,-1.23848044583711,4.19790022165212,0,174.320784553443,0,0,TRUE,TRUE
DE,2026-06-01,281.849732665656,117.231247718947,-1.38254796648693,3.72282143639004,0,363.489344407411,0,0,TRUE,TRUE
IN,2018-01-01,141.961225038373,45.4147306451883,1.55925466255828,2.95717555566431,640.008405156147,0,0,0,FALSE,TRUE
IN,2018-02-01,150.159039425702,40.3818191340411,1.44131084496524,2.85248566468019,599.932829721482,0,0,0,FALSE,TRUE
IN,2018-03-01,149.986613648908,51.4541480192773,1.52479570649148,3.32706218879995,354.059962199565,0,0,0,FALSE,TRUE
IN,2018-04-01,151.946438675778,48.0033060803093,1.57054183224318,3.71454877637872,3.38857776849738,46.0001231181258,0,0,FALSE,TRUE
IN,2018-05-01,159.806134455762,44.0925771832157,1.45367528782478,3.83489727770109,0,339.071797502667,0,0,FALSE,TRUE
IN,2018-06-01,149.138213324431,46.4380321929486,1.31741626717755,2.68708734808723,0,450.663622806235,0,0,FALSE,TRUE
IN,2018-07-01,164.192225735151,51.6679029741095,1.50204969012163,3.79650048784022,0,392.221225087478,0,0,FALSE,TRUE
IN,2018-08-01,149.838112109204,43.5184627791614,1.30284058698008,2.54124690478373,0,376.523163818686,0,0,FALSE,TRUE
IN,2018-09-01,160.318431125474,47.9814886441774,1.36313660298107,3.24078487725748,0,350.739809887003,0,0,FALSE,TRUE
IN,2018-10-01,159.950084773097,51.3237978243326,1.13594608213931,3.17164785449462,26.5574641267911,58.3370779932615,0,0,FALSE,TRUE
IN,2018-11-01,155.132073380899,43.1378255268859,1.22759926149808,2.4340978820978,417.373038462366,0,0,0,FALSE,TRUE
IN,2018-12-01,164.94932807613,53.2215387714609,1.2731209522466,3.3222768617739,613.593114124555,0,0,0,FALSE,TRUE
IN,2019-01-01,164.742244261379,46.2833497230342,0.998009415933221,2.54496119098277,754.825869282464,0,0,0,FALSE,TRUE
IN,2019-02-01,167.099718024414,52.3393688762116,1.11816944646935,3.49565751963283,589.106999414336,0,0,0,FALSE,TRUE
IN,2019-03-01,165.015779332993,47.8456158826814,1.062869116847,2.71293231174897,406.299684977526,0,0,0,FALSE,TRUE
IN,2019-04-01,166.594555316143,45.7004098538469,1.16728590281338,2.61825387707808,5.5787191641412,7.41412597683043,0,0,FALSE,TRUE
IN,2019-05-01,169.708180736908,55.2187184647596,1.09591465910202,3.23143617698338,0,215.162555081251,0,0,FALSE,TRUE
IN,2019-06-01,171.363640218771,55.8479134309206,1.15258831029071,3.50319432595408,0,499.780551738694,0,0,FALSE,TRUE
IN,2019-07-01,169.754936874707,52.9910026856586,0.777195893444719,2.79518374137654,0,498.420233792811,0,0,FALSE,TRUE
IN,2019-08-01,168.798335387541,51.6446385038803,0.968263389518352,2.52922892040222,0,362.99030744749,0,0,FALSE,TRUE
IN,2019-09-01,171.019423294685,49.0033143559797,0.978829254391045,2.35507472336647,0,248.64338291581,0,0,FALSE,TRUE
IN,2019-10-01,179.260340421209,57.4792801474853,0.831147854052707,3.4663930192448,29.5059739851512,37.6037140768228,0,0,FALSE,TRUE
IN,2019-11-01,179.257369152385,53.1459415285245,0.856643855700183,2.61631234583971,307.106112128004,0,0,0,FALSE,TRUE
IN,2019-12-01,175.918967405491,59.6293184942377,0.905665685310302,2.8243424290017,700.880456955843,0,0,0,FALSE,TRUE
IN,2020-01-01,182.525101788426,55.9532583230315,0.904680880474135,2.22087516428346,606.242856914328,0,0,0,FALSE,TRUE
IN,2020-02-01,182.424802213529,52.8099720670742,0.818883631912808,2.67115900962135,589.6259561159,0,0,0,FALSE,TRUE
IN,2020-03-01,193.286832389678,61.0275222224762,0.824772044285045,3.54910718931378,438.587671278412,0,0,0,FALSE,TRUE
IN,2020-04-01,185.355569054641,58.8649972962568,0.986086923197907,3.26581177540582,41.6935544980852,2.19267339431287,0,0,FALSE,TRUE
IN,2020-05-01,193.661224371269,58.1753488469193,0.820071636132733,3.17119360165333,0,295.386312017765,0,0,FALSE,TRUE
IN,2020-06-01,179.455535733773,59.8175414419826,0.479427757174369,2.37905037817229,0,332.842852144763,0,0,FALSE,TRUE
IN,2020-07-01,197.478819819636,64.8992463939821,0.589054561245225,3.74040982558176,0,548.270395011363,0,0,FALSE,TRUE
IN,2020-08-01,193.082812173385,63.6585749345956,0.862486284994038,3.29321741997157,0,354.357266402063,0,0,FALSE,TRUE
IN,2020-09-01,193.753926258442,63.8428077674722,0.603253258221549,3.10539341584335,0,311.479771115052,0,0,FALSE,TRUE
IN,2020-10-01,186.917548295278,59.3603296116858,0.484937873526475,2.5795710122673,59.5287795389218,0,0,0,FALSE,TRUE
IN,2020-11-01,196.534137347169,59.7202954223148,0.547633579038505,2.50559046418578,316.435693256229,0,0,0,FALSE,TRUE
IN,2020-12-01,197.070059289661,61.9866447481226,0.797735021231826,2.9964607427849,633.432163387707,0,0,0,FALSE,TRUE
IN,2021-01-01,194.300039012326,60.4229247302862,0.581953275705366,2.42675575526574,607.056619731518,0,0,0,FALSE,TRUE
IN,2021-02-01,206.215627341357,64.6404198019107,0.518450255164878,3.09276563509287,587.963698215424,0,0,0,FALSE,TRUE
IN,2021-03-01,209.03055945131,72.284008309031,0.51031782608418,3.927017796801,294.77678674833,0,0,0,FALSE,TRUE
IN,2021-04-01,208.825838340807,63.9695044648816,0.660169578154839,3.57758293907141,25.0100405903559,0,0,0,FALSE,TRUE
IN,2021-05-01,205.520583587997,65.5207562007666,0.477332774124515,3.31982700422986,0,258.139640856153,0,0,FALSE,TRUE
IN,2021-06-01,210.565701178561,61.7465240573689,0.415658321547324,3.06886166848045,0,428.246428771531,0,0,FALSE,TRUE
IN,2021-07-01,207.54980851908,65.941178451983,0.462588527320917,2.73295641520011,0,458.831709234065,0,0,FALSE,TRUE
IN,2021-08-01,199.111550349237,66.4014895780314,0.510152329944094,2.70949611666042,0,386.61473172962,0,0,FALSE,TRUE
IN,2021-09-01,213.757237762266,65.1653027153569,0.476286258037156,2.86011801960825,0,123.464227666845,0,0,FALSE,TRUE
IN,2021-10-01,208.31902207475,59.5269478703752,0.382624224326639,2.45050356145176,0,0,0,0,FALSE,TRUE
IN,2021-11-01,204.530690489822,65.4640568217627,0.226557526689884,2.02365934379916,324.834990897828,0,0,0,FALSE,TRUE
IN,2021-12-01,207.197123298052,64.4186200182884,0.129247948112589,2.20942342455651,540.571992214247,0,0,0,FALSE,TRUE
IN,2022-01-01,205.1624073861,64.642090067321,0.418166555765547,1.77075597213654,704.119551718836,0,0,0,FALSE,TRUE
IN,2022-02-01,226.22801490888,70.7183188917381,0.149756255009276,3.6600944004978,651.195691243217,0,0,0,FALSE,TRUE
IN,2022-03-01,219.062697354981,65.4707891182068,0.193696725954453,2.86888175686972,280.229656464657,0,0,0,FALSE,TRUE
IN,2022-04-01,221.793976568386,69.4396279283902,0.363919151520395,2.99205090808682,49.7635173666357,0,0,0,FALSE,TRUE
IN,2022-05-01,226.28344816948,75.4531896539169,0.0933424988934054,3.63337498399866,0,198.594855702434,0,0,FALSE,TRUE
IN,2022-06-01,233.021684005952,74.8916407691211,-0.01093347292248,3.40870592769204,0,564.048232964226,0,0,FALSE,TRUE
IN,2022-07-01,213.602396123327,64.6594561623311,0.117951990049604,1.77211938268262,0,514.533594789525,0,0,FALSE,TRUE
IN,2022-08-01,222.96883237763,73.2148984256916,-0.159362935884678,2.78340033891445,0,546.320224087666,0,0,FALSE,TRUE
IN,2022-09-01,227.250648854999,71.8713152550689,0.14266129609951,2.63767143520968,0,209.800798619739,0,0,FALSE,TRUE
IN,2022-10-01,224.096043917128,69.4706561524138,0.0672608578011019,2.64230422188611,58.9225582808405,0,0,0,FALSE,TRUE
IN,2022-11-01,224.966884014469,68.7864991512347,-0.188749801070432,1.78072801450988,305.287710399689,0,0,0,FALSE,TRUE
IN,2022-12-01,236.352128311226,71.1570184907957,-0.122869391435556,2.94042156531961,672.969877446564,0,0,0,FALSE,TRUE
IN,2023-01-01,228.513250479987,70.1229997360473,-0.212443262301634,2.48045424899776,614.652009263111,0,0,0,FALSE,TRUE
IN,2023-02-01,239.270670299603,75.92825726633,0.0202307973222192,3.32747593901836,571.715527336974,0,0,0,FALSE,TRUE
IN,2023-03-01,241.72412830177,76.0460085809358,-0.11312525617999,3.30571093602361,372.803302754963,0,0,0,FALSE,TRUE
IN,2023-04-01,240.721642253049,74.2909546801622,-0.0730168292872329,3.3472634754823,0,0,0,0,FALSE,TRUE
IN,2023-05-01,245.40739551095,78.0639429700066,-0.0489482724124695,3.60513702951727,0,242.469614524176,0,0,FALSE,TRUE
IN,2023-06-01,248.925749976433,77.8292861340816,-0.300277638938669,3.29166882557237,0,480.591252267103,0,0,FALSE,TRUE
IN,2023-07-01,242.943699157881,75.6643532654246,-0.166785468656495,2.89017765443726,0,533.86390647802,0,0,FALSE,TRUE
IN,2023-08-01,245.045190798246,75.1379465010671,-0.280327920716227,2.7311156139004,0,410.530936072453,0,0,FALSE,TRUE
IN,2023-09-01,243.049482798228,72.2328567673044,-0.187032911820482,2.27473173021685,0,263.988234325933,0,0,FALSE,TRUE
IN,2023-10-01,244.218416437533,73.57100356358,-0.482124747039434,2.21373834739489,0,26.0226132575442,0,0,FALSE,TRUE
IN,2023-11-01,243.386437820874,74.1180894598516,-0.364795779270868,1.88713446511736,444.311210401415,0,0,0,FALSE,TRUE
IN,2023-12-01,252.30331725636,75.8481226885416,-0.441699719007771,2.60451966713531,529.919956719713,0,0,0,FALSE,TRUE
IN,2024-01-01,249.771261065372,77.0460272014651,-0.552222540377176,2.49372906541364,608.367196773756,0,0,0,FALSE,TRUE
IN,2024-02-01,267.218808784224,87.6499308926856,-0.413010681306939,3.88631524785057,595.322269266814,0,0,0,FALSE,TRUE
IN,2024-03-01,258.101928386859,82.4284243549852,-0.314857140040191,3.04408358294859,413.153258264629,0,0,0,FALSE,TRUE
IN,2024-04-01,258.641375423913,81.6459366642341,-0.397233067089009,3.25450733774588,0,0,0,0,FALSE,TRUE
IN,2024-05-01,262.869715146631,88.1094122698143,-0.53666877205048,3.59777504594731,0,301.859607895225,0,0,FALSE,TRUE
IN,2024-06-01,260.899653263897,83.634170882461,-0.561491296732149,3.00238055838732,0,360.712039659662,0,0,FALSE,TRUE
IN,2024-07-01,257.013301405605,81.8540943581977,-0.532423089564133,2.50094529675426,0,521.530639598901,0,0,FALSE,TRUE
IN,2024-08-01,260.57971379536,80.2927882740013,-0.672096132636583,2.2680303055684,0,495.832934312204,0,0,FALSE,TRUE
IN,2024-09-01,258.450354794134,81.5352530109947,-0.759713319952303,2.093504452903,0,370.641544804963,0,0,FALSE,TRUE
IN,2024-10-01,257.698297422956,80.5106409807655,-0.727657294511775,1.83300154688443,94.5593600250855,86.5579901174186,0,0,FALSE,TRUE
IN,2024-11-01,260.652567687062,78.21520047328,-0.646017331319497,1.60229014624242,295.054497246589,0,0,0,FALSE,TRUE
IN,2024-12-01,271.288792406598,85.588982863872,-0.536204183358189,2.86505248754521,560.773398509102,0,0,0,FALSE,TRUE
IN,2025-01-01,274.718218352149,86.7793654296353,-0.646365344481128,3.20741890958962,666.189086918113,0,0,0,FALSE,TRUE
IN,2025-02-01,270.433474953368,85.4091204359703,-0.681020117739518,3.13414617049235,726.904816472621,0,0,0,FALSE,TRUE
IN,2025-03-01,281.125069096116,90.8334379463917,-0.759257573430918,3.57229237657385,328.470806420883,0,0,0,FALSE,TRUE
IN,2025-04-01,267.225850464327,86.0687949598694,-0.903171038128497,2.18303154031075,97.1188176662972,78.6418079964643,0,0,FALSE,TRUE
IN,2025-05-01,284.130340563018,93.5523915399866,-0.746243701242358,4.06134475811088,0,299.054889137712,0,0,FALSE,TRUE
IN,2025-06-01,287.078207749219,93.0682715431472,-0.780288372822814,4.12878201120514,0,577.594148641723,0,0,FALSE,TRUE
IN,2025-07-01,273.209416504448,84.247469194225,-0.737775627461819,2.40943875167288,0,689.725301128867,0,0,FALSE,TRUE
IN,2025-08-01,280.305460959771,87.3935046106458,-0.841413960565025,2.40400400125425,0,432.824635090221,0,0,FALSE,TRUE
IN,2025-09-01,286.546629611373,92.3654471729234,-0.753173132997437,3.09842682910816,0,249.873112557472,0,0,FALSE,TRUE
IN,2025-10-01,277.480972137678,86.1916241632754,-1.07308956594509,2.10206269446738,0,0,0,0,FALSE,TRUE
IN,2025-11-01,283.084930780006,91.3277171080386,-0.850135557141629,2.87288632216098,497.128015420582,0,0,0,FALSE,TRUE
IN,2025-12-01,278.74610410976,86.2589335722253,-1.11509114405428,2.02418552884768,656.784463459808,0,0,0,FALSE,TRUE
IN,2026-01-01,289.96884061809,90.5614916043763,-1.01585588631733,2.70654952515902,836.119202647959,0,0,0,FALSE,TRUE
IN,2026-02-01,289.726058305658,94.009524582494,-0.888048909194557,3.077868714089,532.069800105203,0,0,0,FALSE,TRUE
IN,2026-03-01,297.217161455875,96.149678917464,-1.24055624699962,3.56456373386017,345.896899857176,0,0,0,FALSE,TRUE
IN,2026-04-01,291.49362634525,95.0982222171211,-1.26818715344648,3.1286089535882,0,0,0,0,FALSE,TRUE
IN,2026-05-01,299.23724407192,93.7880550866645,-0.913595958251246,3.42154271345626,0,223.563290638265,0,0,FALSE,TRUE
IN,2026-06-01,299.393271532634,94.1517339453944,-1.09562541245624,3.10175928966754,0,420.791838455733,0,0,FALSE,TRUE
KY,2018-01-01,152.135615395016,43.8499135834044,2.65072468609594,3.55087984615486,812.101144535602,0,0,0,FALSE,TRUE
KY,2018-02-01,149.76318999817,44.2519658398519,2.69211153093907,3.15783744724742,510.352202747166,0,0,0,FALSE,TRUE
KY,2018-03-01,157.536979252676,52.1408231102394,2.61312799199467,3.80276730244601,377.191503591069,0,0,0,FALSE,TRUE
KY,2018-04-01,146.32283282608,47.8874487700163,2.4558110738839,3.1513296845866,13.3892719300294,0,0,0,FALSE,TRUE
KY,2018-05-01,162.906037741135,50.0506623666014,2.39444122814849,3.75468470182646,0,333.947907106125,0,0,FALSE,TRUE
KY,2018-06-01,156.419727667634,47.1609949695403,2.47986211888262,3.02231659104013,0,424.76702093002,0,0,FALSE,TRUE
KY,2018-07-01,156.854794927334,49.8661789722169,2.23267878618013,3.66403337483034,0,490.145908015826,0,0,FALSE,TRUE
KY,2018-08-01,154.502710888682,44.7302225174089,2.25801625881053,2.65680910082116,0,517.600398205287,0,0,FALSE,TRUE
KY,2018-09-01,151.394969718883,46.7822407544723,2.19072154319582,2.42026437111306,0,210.969101593343,0,0,FALSE,TRUE
KY,2018-10-01,152.45511497317,43.1737858384033,2.17604921925654,1.92097756497851,70.8043777391221,0,0,0,FALSE,TRUE
KY,2018-11-01,152.612038939389,42.9112501329217,1.95960034576096,1.97392379751264,213.860438364041,0,0,0,FALSE,TRUE
KY,2018-12-01,162.817699823655,48.474602422467,1.9859261520712,3.04592846058984,601.945705352073,0,0,0,FALSE,TRUE
KY,2019-01-01,163.289032374098,47.4200686909481,1.87692928540832,2.62056407740123,649.573850185987,0,0,0,FALSE,TRUE
KY,2019-02-01,168.286630725634,52.1108982691475,2.1388986376556,3.16284551861568,528.098022693798,0,0,0,FALSE,TRUE
KY,2019-03-01,169.96711121263,50.7406883277657,1.99529851913441,3.53884142785548,416.109509937903,0,0,0,FALSE,TRUE
KY,2019-04-01,172.382812930967,55.0657088867676,1.94545352027321,3.9462690417981,0,106.774583961035,0,0,FALSE,TRUE
KY,2019-05-01,174.115186275881,55.4670229310345,1.92807314331915,3.449648047296,0,224.318536468898,0,0,FALSE,TRUE
KY,2019-06-01,175.097067893173,53.4104113283419,1.85429030971604,3.18607994611444,0,481.099955816455,0,0,FALSE,TRUE
KY,2019-07-01,179.735774171885,55.7573913651124,1.91625773721667,3.65332550079183,0,460.087108423689,0,0,FALSE,TRUE
KY,2019-08-01,184.221135084434,58.5723478464282,1.9723242748492,4.17111587067227,0,495.295772690939,0,0,FALSE,TRUE
KY,2019-09-01,171.651652722739,49.2826836104313,1.75997847726354,2.79716479540547,0,294.576526075687,0,0,FALSE,TRUE
KY,2019-10-01,171.540033893617,52.0545347617319,1.58523245595385,2.30817267182309,55.2433750515141,57.4909943687567,0,0,FALSE,TRUE
KY,2019-11-01,164.827097761918,50.6718862456566,1.69462197097767,1.87147677461721,362.889710340039,0,0,0,FALSE,TRUE
KY,2019-12-01,173.838359603365,51.3550585361112,1.2672350164818,1.8172432583785,732.932574700702,0,0,0,FALSE,TRUE
KY,2020-01-01,181.41802458359,58.6310103007419,1.51893721469765,2.96344654422384,798.499228405903,0,0,0,FALSE,TRUE
KY,2020-02-01,190.955923359348,60.2076469638325,1.46391435034109,3.73490776206449,687.169729023579,0,0,0,FALSE,TRUE
KY,2020-03-01,189.487181709148,57.4729155637893,1.68207350679362,3.62508604817047,315.412690685996,0,0,0,FALSE,TRUE
KY,2020-04-01,188.229919805979,58.1659157371941,1.53294729198843,3.14498099122547,0,0,0,0,FALSE,TRUE
KY,2020-05-01,191.284779145273,58.9780878100518,1.5014376214244,3.06114252315201,0,229.139471433055,0,0,FALSE,TRUE
KY,2020-06-01,191.1755707368,59.6637693587145,1.34093241046029,3.20999287547844,0,538.816442163759,0,0,FALSE,TRUE
KY,2020-07-01,187.081775561267,56.3324995661671,1.25403856573164,2.64868560875916,0,507.189355894544,0,0,FALSE,TRUE
KY,2020-08-01,193.692320027446,61.7245377814242,1.24356578784322,3.1423222386283,0,350.826918285549,0,0,FALSE,TRUE
KY,2020-09-01,189.597684366662,58.1704680183808,1.0404065254082,2.49673086211097,0,202.261352459983,0,0,FALSE,TRUE
KY,2020-10-01,194.735477059449,56.4599157198434,1.0668537828827,2.43593056409736,3.65782206298935,0,0,0,FALSE,TRUE
KY,2020-11-01,189.319499936232,60.0440936525687,0.903661104688062,2.27621102750509,307.923079133566,0,0,0,FALSE,TRUE
KY,2020-12-01,201.391328071264,57.5068735188431,0.855911786486028,2.74231335222627,622.122969394295,0,0,0,FALSE,TRUE
KY,2021-01-01,197.633839474017,59.6373776724252,1.04443086667385,2.38255904436362,718.586770879682,0,0,0,FALSE,TRUE
KY,2021-02-01,213.261538069238,66.9627191978964,1.11092883898466,3.99045353427486,597.060802943917,0,0,0,FALSE,TRUE
KY,2021-03-01,205.999206252573,63.630431342508,0.948195783270376,3.50584123763439,320.658847605358,0,0,0,FALSE,TRUE
KY,2021-04-01,204.676941424697,66.0954248200392,0.799892753663546,3.3328368306935,21.0667988181095,0,0,0,FALSE,TRUE
KY,2021-05-01,208.14224003182,68.363748754297,0.837176907295313,3.27654621896349,0,296.941259071517,0,0,FALSE,TRUE
KY,2021-06-01,206.245556817079,64.2206855043539,0.850046570918706,2.93772242678657,0,470.663346507696,0,0,FALSE,TRUE
KY,2021-07-01,205.261076950066,63.7247605467275,0.686661815363356,2.74605607287638,0,472.846895648465,0,0,FALSE,TRUE
KY,2021-08-01,207.806014774351,61.4494715503362,0.647252905400815,2.74483586291899,0,398.917379438414,0,0,FALSE,TRUE
KY,2021-09-01,209.758505935265,64.3987638680138,0.677949706892581,2.53398002509543,0,211.737613285841,0,0,FALSE,TRUE
KY,2021-10-01,208.021567558011,62.379571406295,0.527032779171904,2.5003031828801,0,0,0,0,FALSE,TRUE
KY,2021-11-01,211.239044173991,68.0898412795587,0.302535147420623,3.06048407896943,378.313133813766,0,0,0,FALSE,TRUE
KY,2021-12-01,217.034048757259,67.4942448819544,0.312617851802649,3.19472033234116,609.38714934446,0,0,0,FALSE,TRUE
KY,2022-01-01,213.632058929086,64.3462137164495,0.306773859021162,2.30015163960377,652.732092928337,0,0,0,FALSE,TRUE
KY,2022-02-01,231.796817779133,73.5730446813718,0.452870329042681,3.45933371405532,603.996263753126,0,0,0,FALSE,TRUE
KY,2022-03-01,222.343662816136,71.9346994013085,0.450861858507309,3.40053656512125,202.959690397775,0,0,0,FALSE,TRUE
KY,2022-04-01,229.606967778786,71.9532300194916,0.402320730735992,3.65838181307011,0,0,0,0,FALSE,TRUE
KY,2022-05-01,227.128235003624,67.1566724304102,0.196975130577993,3.57123730958099,0,390.172611473068,0,0,FALSE,TRUE
KY,2022-06-01,228.470029989101,73.3083193054584,0.204400458617214,3.67663033327269,0,372.941016014575,0,0,FALSE,TRUE
KY,2022-07-01,231.410874758799,76.1420989976146,0.270643391838828,3.52016680282907,0,607.591266228563,0,0,FALSE,TRUE
KY,2022-08-01,219.502581886752,72.729913807623,0.00579828090634916,2.61386565887673,0,348.055997626889,0,0,FALSE,TRUE
KY,2022-09-01,230.092911609443,70.5950886613008,-0.195047507303767,2.83209440246343,0,238.543319414416,0,0,FALSE,TRUE
KY,2022-10-01,222.571979427122,66.3851518250441,-0.0590485023593387,2.55566055964986,0,0,0,0,FALSE,TRUE
KY,2022-11-01,226.777968521656,70.5906870218889,-0.00800750516687875,2.39959800909908,416.918813811607,0,0,0,FALSE,TRUE
KY,2022-12-01,236.882269691046,73.2432561610893,-0.201945371794876,3.02640879366559,573.280649144703,0,0,0,FALSE,TRUE
KY,2023-01-01,240.026422999181,72.2471858385522,0.0877320181718463,3.23993932589027,753.602657737899,0,0,0,FALSE,TRUE
KY,2023-02-01,236.615711887462,72.7754941762386,-0.0917529237794411,3.28722220369924,603.021815117499,0,0,0,FALSE,TRUE
KY,2023-03-01,244.607917554945,80.4019444402839,-0.182010616686206,4.0223732941863,406.542812580313,0,0,0,FALSE,TRUE
KY,2023-04-01,241.28296201785,77.6345194998562,0.0916491298936637,3.62760441797441,0,101.876903206802,0,0,FALSE,TRUE
KY,2023-05-01,240.951437483981,73.9735631725962,-0.364089644804888,3.08136110839795,0,233.158645695624,0,0,FALSE,TRUE
KY,2023-06-01,249.725682064235,79.511642457685,-0.316275428034073,3.43330069467973,0,388.068835691111,0,0,FALSE,TRUE
KY,2023-07-01,241.231056275183,75.9388477225617,-0.246006409930991,2.79194947590365,0,620.418414352431,0,0,FALSE,TRUE
KY,2023-08-01,249.05574483079,74.5099901965395,-0.358505910865309,3.02565016528648,0,463.059246951511,0,0,FALSE,TRUE
KY,2023-09-01,247.384647792073,75.1839289093847,-0.491207289878373,3.07913439003591,0,360.723800712728,0,0,FALSE,TRUE
KY,2023-10-01,243.757692186088,74.7542643440262,-0.675696081415482,2.35224688130302,34.7345189475634,230.718623242064,0,0,FALSE,TRUE
KY,2023-11-01,246.387466693969,73.4841151030948,-0.624464519000547,2.36856515309325,307.346846147,0,0,0,FALSE,TRUE
KY,2023-12-01,251.919780526888,76.095405509438,-0.638751119173373,2.45916253502101,700.460922388868,0,0,0,FALSE,TRUE
KY,2024-01-01,253.667010117651,78.0754033597381,-0.718751296041049,2.67141580572747,726.338893862664,0,0,0,FALSE,TRUE
KY,2024-02-01,256.402756979557,78.0951257365498,-0.745211106088554,2.70527190333456,733.58435088559,0,0,0,FALSE,TRUE
KY,2024-03-01,259.414393330365,85.5661338051449,-0.739990611960654,3.56802461188977,288.551422308807,0,0,0,FALSE,TRUE
KY,2024-04-01,267.956411843663,85.11164467357,-0.696794111946872,4.07568021294504,0,71.7628356790929,0,0,FALSE,TRUE
KY,2024-05-01,261.365002514574,87.6183541540137,-0.750593876230109,3.51683103159381,0,356.408963847069,0,0,FALSE,TRUE
KY,2024-06-01,263.473124158636,83.776310106107,-1.0581494301316,3.33740226885944,0,408.992786681713,0,0,FALSE,TRUE
KY,2024-07-01,258.745295798604,80.7879078946965,-1.14100710475834,2.56183376519635,0,562.154149296629,0,0,FALSE,TRUE
KY,2024-08-01,258.503902571968,79.0885031477193,-1.13378048939468,2.0582373702927,0,515.606606780182,0,0,FALSE,TRUE
KY,2024-09-01,260.736357604976,81.6756745428254,-1.06039043391546,2.40196740439589,0,217.433013760023,0,0,FALSE,TRUE
KY,2024-10-01,265.071047358577,84.2053375478014,-0.955491230655579,2.72384339540068,36.6517188917975,87.110567025016,0,0,FALSE,TRUE
KY,2024-11-01,267.772704626771,81.6200680135138,-1.21382825764869,2.70267218223992,447.17305893411,0,0,0,FALSE,TRUE
KY,2024-12-01,270.544770347073,82.7960022837936,-1.26743440937617,2.20138550627703,599.725416920893,0,0,0,FALSE,TRUE
KY,2025-01-01,270.849091394869,83.9130958662029,-1.14562517295027,2.52016002462694,592.291598297414,0,0,0,FALSE,TRUE
KY,2025-02-01,276.172007408645,88.2453682433225,-1.35711131887686,3.36886432713531,644.210342118779,0,0,0,FALSE,TRUE
KY,2025-03-01,283.999852845332,92.7046866156907,-1.13666214837614,3.81219369732205,359.062041805917,0,0,0,FALSE,TRUE
KY,2025-04-01,278.783759618023,92.4774504212123,-1.33745159142013,3.4933155164118,13.6253177350541,0,0,0,FALSE,TRUE
KY,2025-05-01,272.070512273784,84.2858918480748,-1.45738045546761,2.56309374055881,0,274.743864023485,0,0,FALSE,TRUE
KY,2025-06-01,282.092296878107,91.3840274825616,-1.3514070039183,3.20633547297647,0,396.881426240014,0,0,FALSE,TRUE
KY,2025-07-01,283.228594809479,87.3935730540172,-1.33372094873295,2.98528125523482,0,437.191263369318,0,0,FALSE,TRUE
KY,2025-08-01,282.808047060723,89.7536226046346,-1.64575377028892,2.72671357275937,0,468.059102400485,0,0,FALSE,TRUE
KY,2025-09-01,283.19422875513,84.3738237318637,-1.59088908893749,2.54515481797655,0,231.701575544254,0,0,FALSE,TRUE
KY,2025-10-01,284.896414773114,89.8362298669983,-1.5872174789192,2.81737685465013,58.2006650385172,0,0,0,FALSE,TRUE
KY,2025-11-01,282.307706519126,86.2003917841538,-1.67692115737021,2.36737423718605,343.552343346129,0,0,0,FALSE,TRUE
KY,2025-12-01,282.674218403725,88.5673687847079,-1.77549754509508,2.41141139834809,659.733332333287,0,0,0,FALSE,TRUE
KY,2026-01-01,296.105167019388,97.3150517807767,-1.65430132883009,3.50857263972206,661.368924377162,0,0,0,FALSE,TRUE
KY,2026-02-01,290.842347908156,89.7558784810503,-1.92844811214775,2.96566081737018,646.184951668586,0,0,0,FALSE,TRUE
KY,2026-03-01,307.530262307451,102.541323749703,-1.72155081666584,4.65748202008514,279.390130811669,0,0,0,FALSE,TRUE
KY,2026-04-01,302.444230930894,97.4075300895996,-1.80447332617338,3.81126094087828,14.0379455567553,52.0580373157179,0,0,FALSE,TRUE
KY,2026-05-01,300.454847276596,95.8258357113819,-1.75355448343441,3.80453392717018,0,176.063396407386,0,0,FALSE,TRUE
KY,2026-06-01,301.195639951925,95.4653953715544,-2.01634674623601,3.67643573152737,0,273.684577152848,0,0,FALSE,TRUE
MA,2018-01-01,153.412426385863,55.2987131349588,3.39459260738616,3.33310342805486,603.69388492858,0,0,0,TRUE,TRUE
MA,2018-02-01,152.382106739501,55.0701107481684,3.49683348563207,3.23869205784141,541.065864117932,0,0,0,TRUE,TRUE
MA,2018-03-01,153.580439642638,56.1461858949837,3.4929127040098,3.39542427671817,453.544948084176,0,0,0,TRUE,TRUE
MA,2018-04-01,162.540713907776,64.8362867574633,3.31739455334398,3.93259911774166,29.7190451569748,0,0,0,TRUE,TRUE
MA,2018-05-01,163.754344995903,65.3155380026324,3.31375875818073,3.98326867874284,0,281.823956737653,0,0,TRUE,TRUE
MA,2018-06-01,156.209793976,60.8274630256084,3.08436261372452,2.77170473162769,0,448.973723291241,0,0,TRUE,TRUE
MA,2018-07-01,160.198243582167,59.2125997350086,3.19192491943783,3.55111367466455,0,610.227947750937,0,0,TRUE,TRUE
MA,2018-08-01,164.735183241023,59.5646847436865,3.00126416067154,2.79497439128422,0,444.895134991911,0,0,TRUE,TRUE
MA,2018-09-01,162.857896184484,57.1287492988603,3.1135271938403,2.69859431941906,0,310.219041650766,0,0,TRUE,TRUE
MA,2018-10-01,157.862126790124,55.1620392926801,2.94179629873325,2.08040836376886,29.3666087616075,0,0,0,TRUE,TRUE
MA,2018-11-01,159.252776970802,56.8837509942629,2.79424926671668,2.12317050595233,289.200821964931,0,0,0,TRUE,TRUE
MA,2018-12-01,162.990085116534,61.3716344123692,2.65158204345345,2.90376764454207,732.953349707413,0,0,0,TRUE,TRUE
MA,2019-01-01,171.827769768816,67.2044762059009,2.7327073035802,3.32641917340804,663.660218619631,0,0,0,TRUE,TRUE
MA,2019-02-01,181.790627469252,64.1722329685501,2.75208514861506,4.17260123625668,616.40775506134,0,0,0,TRUE,TRUE
MA,2019-03-01,176.37962509937,67.9365957704039,3.04326967775576,3.67636332158432,284.169917564234,0,0,0,TRUE,TRUE
MA,2019-04-01,169.54335545684,62.1330192902403,2.54345444197301,2.71904182584768,116.337254950642,0,0,0,TRUE,TRUE
MA,2019-05-01,170.668220519851,62.8702657565057,2.52334270691565,2.7632518386801,0,209.003150957744,0,0,TRUE,TRUE
MA,2019-06-01,174.451150998614,60.3133116887682,2.65576000460011,3.1203254245687,0,492.178261214364,0,0,TRUE,TRUE
MA,2019-07-01,181.174059957328,65.3012922675353,2.50502557520185,3.09153475737354,0,541.319791579972,0,0,TRUE,TRUE
MA,2019-08-01,183.295657482754,66.1425999545828,2.47901635573425,3.4958364128208,0,505.034345855986,0,0,TRUE,TRUE
MA,2019-09-01,174.289246219386,65.9219650235705,2.01096556434294,2.46803718232167,0,151.258199524684,0,0,TRUE,TRUE
MA,2019-10-01,173.527253579958,61.6253723872487,1.93188220810236,2.05405302107977,39.293817932732,4.63574888405101,0,0,TRUE,TRUE
MA,2019-11-01,177.677430039695,62.2667250767555,1.93883797395423,2.31862916984354,396.393067569523,0,0,0,TRUE,TRUE
MA,2019-12-01,182.910417877763,64.4364170837971,1.97873997355608,2.44109332272145,611.665714136431,0,0,0,TRUE,TRUE
MA,2020-01-01,192.065685196747,70.3728724414906,2.21817701141178,3.3154884619815,775.209209628408,0,0,0,TRUE,TRUE
MA,2020-02-01,185.150202524458,67.8426672198973,1.99191592727595,3.05084547703561,608.247146883664,0,0,0,TRUE,TRUE
MA,2020-03-01,200.417059264343,72.0914188936328,2.02758546719732,4.04416296308829,311.35819229728,0,0,0,TRUE,TRUE
MA,2020-04-01,192.69081933174,70.4570585503084,1.86126282153253,3.27148220972894,4.13637112068008,0,0,0,TRUE,TRUE
MA,2020-05-01,197.30561954305,77.2545452061402,1.97689374791607,4.06380663460499,0,154.105873561057,0,0,TRUE,TRUE
MA,2020-06-01,194.960015463908,72.1775773886111,1.45939803632144,3.0962430153698,0,423.317136091922,0,0,TRUE,TRUE
MA,2020-07-01,192.675804457921,69.0186034935471,1.45332962807471,2.57915945700508,0,558.421304618938,0,0,TRUE,TRUE
MA,2020-08-01,190.263454734403,67.4357730264482,1.41444607225021,2.34750649367038,0,371.374476478377,0,0,TRUE,TRUE
MA,2020-09-01,193.414769472258,69.7437178998797,1.56244735065941,2.60698026232925,0,375.233658758993,0,0,TRUE,TRUE
MA,2020-10-01,196.981967714624,68.745824437377,1.44699105726536,2.59526315347351,6.77625808860496,0,0,0,TRUE,TRUE
MA,2020-11-01,200.924892597801,72.4924439624517,1.4606722644355,2.8001823760639,327.488583799851,0,0,0,TRUE,TRUE
MA,2020-12-01,196.457799524618,65.9214839501528,1.28710816837421,2.4643396796605,651.405232790121,0,0,0,TRUE,TRUE
MA,2021-01-01,212.691258993343,75.5493130633991,1.25400575878098,3.57540480479008,738.592937281751,0,0,0,TRUE,TRUE
MA,2021-02-01,206.350002852531,72.8537069777122,1.11189736024988,3.21667059112694,583.634295208165,0,0,0,TRUE,TRUE
MA,2021-03-01,210.465569061087,76.9932155065503,1.27527884341906,3.26552745043793,322.187582843686,0,0,0,TRUE,TRUE
MA,2021-04-01,213.912774707761,80.2701833001394,1.14452037737641,3.61950770575084,34.459401359276,0,0,0,TRUE,TRUE
MA,2021-05-01,212.049433241904,74.8760497987181,1.11930817469155,3.67623889243881,0,305.294387139641,0,0,TRUE,TRUE
MA,2021-06-01,214.822303196741,77.4352675864314,1.06242553706505,3.26131277189977,0,368.997158802429,0,0,TRUE,TRUE
MA,2021-07-01,214.860841271452,81.9569256820764,1.0071718241603,3.47960576432826,0,430.409896387667,0,0,TRUE,TRUE
MA,2021-08-01,211.581429341345,76.028954685151,0.810955812718355,2.84321421766195,0,369.430651894587,0,0,TRUE,TRUE
MA,2021-09-01,210.192022047906,69.583629368785,0.829866985050931,1.99195937436208,0,234.06710116569,0,0,TRUE,TRUE
MA,2021-10-01,202.032564652482,67.6091074105973,0.614452629123982,1.52099676203512,0,0,0,0,TRUE,TRUE
MA,2021-11-01,224.178938971173,82.0325128248073,0.60331329058034,3.40629124931001,416.246315216485,0,0,0,TRUE,TRUE
MA,2021-12-01,225.405872717472,84.5638127922846,0.624273829645385,3.4713511607397,535.094247664083,0,0,0,TRUE,TRUE
MA,2022-01-01,224.160417131938,80.1372091255472,0.165095704299658,2.97329068601942,614.805788691037,0,0,0,TRUE,TRUE
MA,2022-02-01,230.164513659599,77.0271161883375,0.452147226545196,3.09237616356091,630.408866853633,0,0,0,TRUE,TRUE
MA,2022-03-01,231.228258751895,83.4472401445679,0.503255282890037,3.25739379595642,397.202728198359,0,0,0,TRUE,TRUE
MA,2022-04-01,235.869906746599,85.7382935656282,0.396805351032881,3.8403370641102,25.8421166605872,59.0257292522326,0,0,TRUE,TRUE
MA,2022-05-01,233.152002525517,85.2882327318175,0.547112725058366,3.79201796897718,0,243.157633831303,0,0,TRUE,TRUE
MA,2022-06-01,234.090461365345,83.2868883587581,0.327365029388283,3.43091100233928,0,331.279799858548,0,0,TRUE,TRUE
MA,2022-07-01,233.029196017816,83.0522838729886,0.216706246813149,3.29030710213476,0,462.099118982379,0,0,TRUE,TRUE
MA,2022-08-01,233.197569733987,77.2079252600707,0.195485434139083,2.30798161039465,0,421.341103355409,0,0,TRUE,TRUE
MA,2022-09-01,235.1462097333,84.8123330605133,0.232823930150328,3.08698525401593,0,282.069381684378,0,0,TRUE,TRUE
MA,2022-10-01,227.348242460661,79.147823011102,-0.0354669841770113,2.52036573421686,31.5906832124319,1.05452390859743,0,0,TRUE,TRUE
MA,2022-11-01,235.418697700951,80.4901290100669,-0.0224682017541804,2.74567306171853,308.161002006754,0,0,0,TRUE,TRUE
MA,2022-12-01,237.331550245762,80.8987150886147,-0.0963673739210394,2.26067107254279,653.816578844202,0,0,0,TRUE,TRUE
MA,2023-01-01,240.275479402206,86.0021447144894,-0.0828990781805813,3.2558215913798,743.913020012755,0,0,0,TRUE,TRUE
MA,2023-02-01,247.235169590646,85.9147129501313,-0.25919472078431,3.55898607858019,500.700697698049,0,0,0,TRUE,TRUE
MA,2023-03-01,244.907082319724,84.7056243162199,-0.266936496487951,2.83178460227255,360.899016691178,0,0,0,TRUE,TRUE
MA,2023-04-01,250.088725581431,91.2683247784564,-0.0211842030666361,3.83556791400391,0,0,0,0,TRUE,TRUE
MA,2023-05-01,250.447262891731,89.174531329783,-0.288623299858027,3.65576861318852,0,276.368507047262,0,0,TRUE,TRUE
MA,2023-06-01,244.423347166488,86.5321180653202,-0.478059042792507,2.79927665044349,0,505.64557570642,0,0,TRUE,TRUE
MA,2023-07-01,249.848286465926,90.5662000135003,-0.483932928437548,2.79116965799556,0,524.106047452036,0,0,TRUE,TRUE
MA,2023-08-01,244.825601600502,88.0355463704535,-0.811309528319153,2.71435338151139,0,501.938086396607,0,0,TRUE,TRUE
MA,2023-09-01,243.846926115582,84.1422722551863,-0.590035675640716,2.15213924731394,0,303.967039706561,0,0,TRUE,TRUE
MA,2023-10-01,251.839911768416,90.1974497118781,-0.831478207745957,2.6845389291024,90.6069028291319,82.2173776004293,0,0,TRUE,TRUE
MA,2023-11-01,255.077072345886,87.5215238373757,-0.785851148291499,2.8330679935815,362.876917811581,0,0,0,TRUE,TRUE
MA,2023-12-01,250.520240221022,91.8709431699212,-0.938521144634771,2.72190270516736,624.411416715054,0,0,0,TRUE,TRUE
MA,2024-01-01,254.835819215098,87.823085575191,-0.940999218839196,2.74240632859696,702.512205894186,0,0,0,TRUE,TRUE
MA,2024-02-01,259.748173457251,91.0859967323916,-0.822479074329545,2.99778969674799,653.06046320485,0,0,0,TRUE,TRUE
MA,2024-03-01,264.251837081942,96.7072424719751,-0.970414261420571,3.89030447517079,322.397792558785,0,0,0,TRUE,TRUE
MA,2024-04-01,265.576316235637,97.0881370841871,-0.81951749410503,3.7503134647273,0,0,0,0,TRUE,TRUE
MA,2024-05-01,260.761226310192,92.8507536472614,-0.801497476224577,3.18772264013368,0,219.72248760926,0,0,TRUE,TRUE
MA,2024-06-01,257.589763393282,92.2241843880315,-1.35957969530144,2.23988260015779,0,520.962048705641,0,0,TRUE,TRUE
MA,2024-07-01,275.255382191513,97.0315763023156,-1.12871308494497,3.70125227790788,0,465.284986668616,0,0,TRUE,TRUE
MA,2024-08-01,265.075715094283,91.6898947878942,-1.2724101584636,2.56317687056378,0,359.730456954885,0,0,TRUE,TRUE
MA,2024-09-01,262.067906234002,89.6341413828791,-1.65786676814694,1.97860764135364,0,233.658900094266,0,0,TRUE,TRUE
MA,2024-10-01,265.877317152068,91.9218661377785,-1.40874228957603,2.6813673731805,0,0,0,0,TRUE,TRUE
MA,2024-11-01,268.831398430328,93.4829435405391,-1.66532787307315,2.32953305438871,290.863465943234,0,0,0,TRUE,TRUE
MA,2024-12-01,276.104404150482,93.4242358712597,-1.5096577127802,2.67482690825834,636.206421036547,0,0,0,TRUE,TRUE
MA,2025-01-01,273.516146797007,98.1246422234989,-1.56068280178144,2.79557945467167,684.707115444212,0,0,0,TRUE,TRUE
MA,2025-02-01,277.075348389415,101.186196747308,-1.61042640609886,3.16500411461798,608.057959469316,0,0,0,TRUE,TRUE
MA,2025-03-01,281.814810756744,99.0839049756168,-1.73202574705485,3.4631911710627,319.946820621165,0,0,0,TRUE,TRUE
MA,2025-04-01,289.193824786345,107.549851047583,-1.76051936378937,4.26500774134801,85.826961470378,52.1886727638443,0,0,TRUE,TRUE
MA,2025-05-01,290.878587127576,103.625948673242,-1.73990569216693,3.75782068885732,0,315.061783325511,0,0,TRUE,TRUE
MA,2025-06-01,283.247303217614,99.3135505658127,-1.96758190654642,2.7020905628516,0,476.222980833846,0,0,TRUE,TRUE
MA,2025-07-01,286.825217264258,102.674179064075,-1.9027772709696,3.2539397070061,0,454.605540623766,0,0,TRUE,TRUE
MA,2025-08-01,279.669977870449,98.793549262339,-2.19172944316721,2.16338505289855,0,517.081169367977,0,0,TRUE,TRUE
MA,2025-09-01,280.503957152766,96.5459938738279,-2.06362296852663,2.01362235654891,0,41.6498180598766,0,0,TRUE,TRUE
MA,2025-10-01,278.682301040454,97.8100192270416,-2.36660317592603,1.97784378457678,0,0,0,0,TRUE,TRUE
MA,2025-11-01,295.882506738067,103.383828185746,-2.14255022939889,3.25331312148189,302.106734762881,0,0,0,TRUE,TRUE
MA,2025-12-01,286.391219056869,101.393227266881,-2.29228064379203,2.33429189223815,568.806468493285,0,0,0,TRUE,TRUE
MA,2026-01-01,301.294662255846,104.286663182331,-2.30110686088831,3.66240919468149,828.072251743725,0,0,0,TRUE,TRUE
MA,2026-02-01,299.808454127824,106.137687368578,-2.2618755547104,3.4079718617187,561.074185697633,0,0,0,TRUE,TRUE
MA,2026-03-01,293.743818931787,106.810181256321,-2.39123613599009,3.43964365864856,345.728523389501,0,0,0,TRUE,TRUE
MA,2026-04-01,307.035879828245,112.992222379739,-2.31565950430861,4.34588710188085,0,56.9011635538416,0,0,TRUE,TRUE
MA,2026-05-01,302.877248118963,106.280373822549,-2.49166390932446,3.36035172650971,0,286.853086444692,0,0,TRUE,TRUE
MA,2026-06-01,303.079211933801,110.456776030987,-2.57708989333588,3.75786701972605,0,429.374591158305,0,0,TRUE,TRUE
MD,2018-01-01,126.599963538608,49.6541082960114,1.08716167524724,2.52975273700249,613.905972620019,0,0,0,TRUE,TRUE
MD,2018-02-01,130.400120555868,49.6861691211034,1.04591775678433,2.8564608053669,585.419139032823,0,0,0,TRUE,TRUE
MD,2018-03-01,136.885820407436,57.4756545305856,0.896549127881208,3.98417791544223,389.773099035168,0,0,0,TRUE,TRUE
MD,2018-04-01,137.186835140791,57.0331802489331,0.95530157435256,3.63159005668726,1.38208423404319,94.5209624234107,0,0,TRUE,TRUE
MD,2018-05-01,146.252443350791,56.981529359219,0.903027731447455,3.94040305530071,0,286.904577808597,0,0,TRUE,TRUE
MD,2018-06-01,134.680704054423,52.4160511618885,1.03046457906929,3.07815274748055,0,400.217336809725,0,0,TRUE,TRUE
MD,2018-07-01,129.327207477129,54.4056154776287,0.974609782836515,2.27995349114729,0,601.504172849065,0,0,TRUE,TRUE
MD,2018-08-01,141.190354339777,53.4973843675511,0.783152680284477,2.93538777301107,0,450.367332735023,0,0,TRUE,TRUE
MD,2018-09-01,132.148716793767,50.3679596995563,0.846959576187419,2.32943767161073,0,224.884480287573,0,0,TRUE,TRUE
MD,2018-10-01,132.959923872554,55.2753166372947,0.92245428762681,2.65314279760528,0,0,0,0,TRUE,TRUE
MD,2018-11-01,140.750680209971,52.9563730981007,0.969361579579764,2.8568720440281,441.852596629595,0,0,0,TRUE,TRUE
MD,2018-12-01,137.027392272179,55.4282915549774,0.857043922929544,2.48827608000828,724.340763586143,0,0,0,TRUE,TRUE
MD,2019-01-01,145.488018002078,53.7730431541394,0.723082138101638,2.71110519371274,659.578734680237,0,0,0,TRUE,TRUE
MD,2019-02-01,149.686627477696,56.545270805264,0.766372212072424,2.88246825662441,691.6380440354,0,0,0,TRUE,TRUE
MD,2019-03-01,147.377025526002,58.1631994394621,0.571954869087947,3.10678656109767,356.040410084019,0,0,0,TRUE,TRUE
MD,2019-04-01,152.551408200129,62.3516402514174,0.902584540926249,3.61998319882485,108.656349202761,0,0,0,TRUE,TRUE
MD,2019-05-01,165.031668539699,65.3695554842475,0.936699089235623,4.53366904609958,0,216.963532512706,0,0,TRUE,TRUE
MD,2019-06-01,157.512773496034,62.0426095798724,0.621737603056048,3.3262241617878,0,474.984582531856,0,0,TRUE,TRUE
MD,2019-07-01,153.875571642726,59.8925157178353,0.548653263261116,3.37322638825013,0,382.480299672455,0,0,TRUE,TRUE
MD,2019-08-01,145.743314912242,55.8580499754681,0.543560102949427,2.07064021116333,0,541.484320649937,0,0,TRUE,TRUE
MD,2019-09-01,156.932046362212,57.8750837649972,0.563312894612464,2.55994563684859,0,300.867036119356,0,0,TRUE,TRUE
MD,2019-10-01,160.60559191685,63.5202672903152,0.567290693769479,3.19330820679149,0,61.8283328258708,0,0,TRUE,TRUE
MD,2019-11-01,155.730109312584,62.3054891438846,0.515384582070257,2.32919470142913,301.22014696668,0,0,0,TRUE,TRUE
MD,2019-12-01,166.493367994555,63.4726402926205,0.514264154518074,2.9296856722213,586.9732823553,0,0,0,TRUE,TRUE
MD,2020-01-01,163.09283578932,59.9331212216546,0.469013264547043,2.77086950100465,629.266319364609,0,0,0,TRUE,TRUE
MD,2020-02-01,168.112670464633,65.0900919062206,0.621341003937242,3.4150334252181,642.281773655739,0,0,0,TRUE,TRUE
MD,2020-03-01,167.110186353801,62.0065710003146,0.531102211903181,3.01271346952852,327.366745933677,0,0,0,TRUE,TRUE
MD,2020-04-01,166.291832403589,66.8649167192058,0.423880691262909,3.19198017790638,0,0,0,0,TRUE,TRUE
MD,2020-05-01,171.635111229703,62.7598457619068,0.449407426389737,2.73153321066451,0,403.863725819214,0,0,TRUE,TRUE
MD,2020-06-01,169.966186906887,69.6446456351176,0.491286884801329,3.08001570203538,0,429.768798505685,0,0,TRUE,TRUE
MD,2020-07-01,173.468053059143,65.7011502429286,0.456070160160874,2.73891317134191,0,510.648214216043,0,0,TRUE,TRUE
MD,2020-08-01,179.236825646929,70.8449483455852,0.443976448068541,3.16318246416557,0,494.811685745117,0,0,TRUE,TRUE
MD,2020-09-01,169.040009339487,63.8575658762527,0.412477601400982,2.45868168390938,0,225.803894375161,0,0,TRUE,TRUE
MD,2020-10-01,166.164114029051,59.6085895076151,0.453822381143332,1.82704134842134,1.17232396145853,55.0434642321824,0,0,TRUE,TRUE
MD,2020-11-01,175.330159588071,70.0343487424166,0.443829465668579,2.64992805496751,312.110231788059,0,0,0,TRUE,TRUE
MD,2020-12-01,182.502178790173,74.921563889228,0.469277190946363,3.11940094662481,683.776583313186,0,0,0,TRUE,TRUE
MD,2021-01-01,180.495623527464,71.9858825735504,0.188205976782983,2.61286793817421,607.038403963309,0,0,0,TRUE,TRUE
MD,2021-02-01,184.844891608903,71.2496373712364,0.456986213491509,2.92735296283863,672.720693963441,0,0,0,TRUE,TRUE
MD,2021-03-01,191.735983628956,74.6286898998327,0.269894648128296,3.56378982945156,278.183719351858,0,0,0,TRUE,TRUE
MD,2021-04-01,195.930161864411,72.81491923728,0.28132327918776,3.87395291334071,12.9779098684763,0,0,0,TRUE,TRUE
MD,2021-05-01,189.311939200136,74.8408550951807,0.365287028099304,3.038629033661,0,232.613475785212,0,0,TRUE,TRUE
MD,2021-06-01,196.102258308599,73.8885082592846,0.287764953497586,3.16257169755973,0,469.292774142772,0,0,TRUE,TRUE
MD,2021-07-01,187.474700124816,72.6880584693743,0.343796894628712,2.77766727899714,0,558.571688685432,0,0,TRUE,TRUE
MD,2021-08-01,189.28662920642,72.8814073262338,0.333597482465233,2.73263590126365,0,468.672455810678,0,0,TRUE,TRUE
MD,2021-09-01,189.901317774694,71.2698838286032,0.0148243991072606,2.81039574243853,0,174.818817674099,0,0,TRUE,TRUE
MD,2021-10-01,186.98665150831,72.4395315838938,0.0486118112839375,2.28832118377968,0,18.5080673767439,0,0,TRUE,TRUE
MD,2021-11-01,190.742891964944,72.1123372436252,0.227276428185663,2.28429064472416,466.877968122315,0,0,0,TRUE,TRUE
MD,2021-12-01,190.884571869274,68.8069670792421,0.139504195427973,2.30024574101482,587.274085598258,0,0,0,TRUE,TRUE
MD,2022-01-01,203.54522987977,78.7129582440625,0.0854557744932019,3.37788832481239,751.495675519072,0,0,0,TRUE,TRUE
MD,2022-02-01,205.235448173567,78.1442290430873,0.0869971600486746,2.88333480160312,605.620150186273,0,0,0,TRUE,TRUE
MD,2022-03-01,206.414209494867,78.6676142937275,-0.0706651905671394,3.43477772776244,362.06537458064,0,0,0,TRUE,TRUE
MD,2022-04-01,213.343402053426,83.3507149226957,0.184815966097554,3.99446301882205,0,83.2336449560076,0,0,TRUE,TRUE
MD,2022-05-01,207.823669510781,79.2351096801674,0.00624891716843595,3.67929247079481,0,248.47035924523,0,0,TRUE,TRUE
MD,2022-06-01,214.483928479662,82.8141681518919,0.136483591007514,3.86272809591309,0,352.276106852796,0,0,TRUE,TRUE
MD,2022-07-01,207.830021711849,77.5428235242095,0.0997850180163758,2.3272615429524,0,552.921562649465,0,0,TRUE,TRUE
MD,2022-08-01,203.8231868498,75.6557554279506,0.0263031815512256,2.51131016123917,0,524.068562317238,0,0,TRUE,TRUE
MD,2022-09-01,205.678578406973,74.3448603282346,-0.102068954627202,2.32280707768178,0,186.241574172023,0,0,TRUE,TRUE
MD,2022-10-01,209.849166768433,81.2088636422079,0.287960573285812,3.12021718721785,97.8613915842788,0,0,0,TRUE,TRUE
MD,2022-11-01,214.871559773045,77.8258982649196,0.0945796288176431,2.871394512232,359.546619629781,0,0,0,TRUE,TRUE
MD,2022-12-01,216.440540800619,79.6908374780857,0.0378655706988165,2.70007631784288,635.083122526107,0,0,0,TRUE,TRUE
MD,2023-01-01,217.296443281797,81.2490435540527,-0.0780500314137186,2.82611023182131,832.788841361273,0,0,0,TRUE,TRUE
MD,2023-02-01,225.939633058829,81.1660559740267,0.107303413668114,3.30501896456477,667.205348803183,0,0,0,TRUE,TRUE
MD,2023-03-01,228.740148611028,82.4993830413624,-0.0830700538248894,3.48323856293652,281.609005837439,0,0,0,TRUE,TRUE
MD,2023-04-01,228.472530482669,90.2605085809238,-0.120689844975931,4.04658721383235,81.9201451645085,0,0,0,TRUE,TRUE
MD,2023-05-01,221.883560935558,84.0483237436994,-0.0963886065063729,2.7893572212896,0,180.156366875725,0,0,TRUE,TRUE
MD,2023-06-01,231.514507652562,82.9605369588763,-0.0698409685253935,3.28247889057324,0,358.48342083805,0,0,TRUE,TRUE
MD,2023-07-01,222.23772834803,86.1981913183646,-0.0364387988493116,2.81140768356634,0,544.88598252603,0,0,TRUE,TRUE
MD,2023-08-01,223.092568501884,81.5805608234801,-0.17794689807588,2.72981431628487,0,438.381579330088,0,0,TRUE,TRUE
MD,2023-09-01,226.047106062269,86.4305944828827,-0.0921493822154237,2.65842632151498,0,303.809085656358,0,0,TRUE,TRUE
MD,2023-10-01,224.629615268318,82.9206228770567,-0.0634967397655291,2.25279435207389,0,67.1990128328859,0,0,TRUE,TRUE
MD,2023-11-01,226.961264238375,83.8499889657933,-0.346884794144465,2.30717620824361,384.814092280162,0,0,0,TRUE,TRUE
MD,2023-12-01,236.933371640257,84.3876372140519,-0.280699194377964,3.04636804922391,769.629887854904,0,0,0,TRUE,TRUE
MD,2024-01-01,234.923481395004,88.792964984833,-0.297190931803528,2.52422225375084,777.898013627173,0,0,0,TRUE,TRUE
MD,2024-02-01,241.674169208067,92.0208371867209,-0.164923621006077,3.55285895131302,595.011661370942,0,0,0,TRUE,TRUE
MD,2024-03-01,236.89835858793,87.654076156297,-0.432629015170144,2.88287514895962,476.950716325683,0,0,0,TRUE,TRUE
MD,2024-04-01,249.390292290828,91.5024447572144,-0.386347633901852,4.17878904018681,119.86918349233,79.1634676773438,0,0,TRUE,TRUE
MD,2024-05-01,246.359379387817,95.7957872856531,-0.117065323821919,3.75261839168109,0,349.337601002226,0,0,TRUE,TRUE
MD,2024-06-01,252.903912752864,93.7421224698939,-0.306014385970807,3.62736906078895,0,348.223515847129,0,0,TRUE,TRUE
MD,2024-07-01,247.793087885392,97.2919626276182,-0.294103952709341,3.60626860742992,0,578.496422467455,0,0,TRUE,TRUE
MD,2024-08-01,247.364852053731,91.8933263540102,-0.408671073269307,3.15952016357363,0,444.420163801183,0,0,TRUE,TRUE
MD,2024-09-01,253.357362748375,96.2119230227862,-0.445338525842324,3.43568891440418,0,267.331882159377,0,0,TRUE,TRUE
MD,2024-10-01,246.827203780883,89.1089834958454,-0.276141463080634,2.39527536552713,46.6107994301715,65.9549194818405,0,0,TRUE,TRUE
MD,2024-11-01,239.835794532784,83.724613603515,-0.63666410604031,1.71360708576337,299.750525964715,0,0,0,TRUE,TRUE
MD,2024-12-01,258.971443612885,95.0629851486161,-0.347015813385299,3.17936165507998,633.875514651602,0,0,0,TRUE,TRUE
MD,2025-01-01,260.78953134756,97.0607671348296,-0.566096319378908,3.18232974309491,664.31824281653,0,0,0,TRUE,TRUE
MD,2025-02-01,257.89876952906,93.4305319268456,-0.694809178875219,2.89622142087912,628.213319239059,0,0,0,TRUE,TRUE
MD,2025-03-01,262.86483616961,101.522959279964,-0.354188116743297,3.93893538271222,279.09967727378,0,0,0,TRUE,TRUE
MD,2025-04-01,261.952499795398,96.8857137050282,-0.398548097271849,3.5362156513396,72.1773232686282,110.226654425832,0,0,TRUE,TRUE
MD,2025-05-01,258.412426604882,92.071179887575,-0.5828056766713,2.95366135582529,0,321.431921866753,0,0,TRUE,TRUE
MD,2025-06-01,267.801771321097,99.4701293784068,-0.567277989880714,3.71212666456897,0,552.988667412904,0,0,TRUE,TRUE
MD,2025-07-01,266.403338237734,98.7565805109282,-0.695956237188706,3.31266462609463,0,479.423569567898,0,0,TRUE,TRUE
MD,2025-08-01,261.209253149602,93.2217509319883,-0.534566855403399,2.39368960396979,0,489.3748880359,0,0,TRUE,TRUE
MD,2025-09-01,267.082506210679,102.438082596986,-0.492968988744595,2.97261446601685,0,334.057461069075,0,0,TRUE,TRUE
MD,2025-10-01,257.898734217221,99.087797359051,-0.536286942248409,2.33700643734793,0,27.5643189716041,0,0,TRUE,TRUE
MD,2025-11-01,272.079536258332,99.7610159420273,-0.643819100591637,3.19612763943986,329.844140488921,0,0,0,TRUE,TRUE
MD,2025-12-01,268.806254322897,94.3109470635012,-0.693783375636326,2.33387993733834,665.157671992126,0,0,0,TRUE,TRUE
MD,2026-01-01,272.740066362381,101.673623615724,-0.656547336454891,3.38055011186932,732.167820811036,0,0,0,TRUE,TRUE
MD,2026-02-01,280.146578752371,103.320507513393,-0.693581024220024,3.39928425787093,642.181693486269,0,0,0,TRUE,TRUE
MD,2026-03-01,279.660359859372,101.171613162274,-0.623993871341234,3.57630889242034,395.008473436249,0,0,0,TRUE,TRUE
MD,2026-04-01,285.384140780698,106.94524717362,-0.532317916576996,3.94426946757067,0,0,0,0,TRUE,TRUE
MD,2026-05-01,282.189719417413,107.152299009245,-0.590381435464315,3.39744347000037,0,265.907460635803,0,0,TRUE,TRUE
MD,2026-06-01,279.377791652185,106.098599878645,-0.808741009057655,3.19893382753427,0,336.885812500458,0,0,TRUE,TRUE
ME,2018-01-01,126.136645786896,46.5457285184746,2.28603488464098,2.0625601209327,755.759802761507,0,0,0,TRUE,TRUE
ME,2018-02-01,137.907049698629,56.1587407599371,2.48637556546473,3.67553284323433,689.829391207805,0,0,0,TRUE,TRUE
ME,2018-03-01,137.698048847458,56.2526495399651,2.28937940971201,3.45254615341567,410.675368698509,0,0,0,TRUE,TRUE
ME,2018-04-01,139.707750408987,55.4439498266265,2.25617478139643,3.61311190180503,74.6998573829348,11.2646546895156,0,0,TRUE,TRUE
ME,2018-05-01,140.814527249855,59.8617243152946,2.43823181167444,3.70110654925101,0,263.457434823594,0,0,TRUE,TRUE
ME,2018-06-01,143.227388430105,58.7881831880996,1.96142189189361,3.38286489282102,0,420.143852637931,0,0,TRUE,TRUE
ME,2018-07-01,139.00637701249,53.7318127684481,2.07833343250187,2.56007795458814,0,519.298224654088,0,0,TRUE,TRUE
ME,2018-08-01,140.161007045366,57.4956970716465,2.14782503419748,3.14681925358832,0,404.305468480079,0,0,TRUE,TRUE
ME,2018-09-01,141.919594862362,55.4696187715669,1.87576881610831,2.5421439140525,0,215.374763345585,0,0,TRUE,TRUE
ME,2018-10-01,140.279695137889,58.5503228961616,1.83585285927757,2.63945888852961,0,0,0,0,TRUE,TRUE
ME,2018-11-01,147.868461355765,54.2757559446987,1.76144159159973,2.15490917642404,409.699856980796,0,0,0,TRUE,TRUE
ME,2018-12-01,151.366563704343,55.9799430210376,1.84706570982021,3.02252469795266,585.064431241143,0,0,0,TRUE,TRUE
ME,2019-01-01,153.988629106657,58.5639166084887,1.92527752890251,2.83085976310156,753.045091783024,0,0,0,TRUE,TRUE
ME,2019-02-01,156.10389313421,63.6321395809748,1.92541949408965,3.62252979947884,495.255574321584,0,0,0,TRUE,TRUE
ME,2019-03-01,154.73968307406,59.3103001681407,1.83515806903953,3.11528378002982,302.598941923988,0,0,0,TRUE,TRUE
ME,2019-04-01,167.916412254836,65.6575040447518,1.97666083983152,4.55013965675976,0,0,0,0,TRUE,TRUE
ME,2019-05-01,157.1042055747,63.7242130931981,1.79211200722422,3.60512503984441,0,245.169864935884,0,0,TRUE,TRUE
ME,2019-06-01,156.464829559687,59.4079313341568,1.64533305256475,2.95571595100932,0,372.667780053537,0,0,TRUE,TRUE
ME,2019-07-01,156.983395559949,62.1027258222495,1.50341294130054,2.77743347278193,0,408.93632533026,0,0,TRUE,TRUE
ME,2019-08-01,160.512166954057,63.9630502372228,1.56645242768068,3.33822931402573,0,468.165656546707,0,0,TRUE,TRUE
ME,2019-09-01,161.202409432678,59.9559897842185,1.4385351334383,2.60616536087406,0,186.390157819149,0,0,TRUE,TRUE
ME,2019-10-01,156.328552840091,63.8453061862587,1.43943174273914,2.35283160130515,0,0,0,0,TRUE,TRUE
ME,2019-11-01,160.455014170373,58.7265255294171,1.23512168922708,2.01534219546272,415.501506584073,0,0,0,TRUE,TRUE
ME,2019-12-01,167.032461251536,59.1741745622901,1.54986942725944,2.94242050939061,683.271110218671,0,0,0,TRUE,TRUE
ME,2020-01-01,177.202533794847,64.7251144892537,1.36546162203487,3.14689910930304,655.679751491005,0,0,0,TRUE,TRUE
ME,2020-02-01,169.947440124244,65.339557103422,1.28622019612556,2.96210350312983,548.624442665239,0,0,0,TRUE,TRUE
ME,2020-03-01,169.035468256357,64.5987492021465,1.32428592930922,2.75937866378584,480.977189349594,0,0,0,TRUE,TRUE
ME,2020-04-01,181.522699758541,71.2697672372812,1.3983340219132,3.64201333216017,0,57.7946372761507,0,0,TRUE,TRUE
ME,2020-05-01,174.769846274429,69.345337634437,1.10923299278067,3.3048568959322,0,288.924185902748,0,0,TRUE,TRUE
ME,2020-06-01,181.440206896469,67.9046334912709,1.05134417419005,3.20029101320352,0,404.143809392746,0,0,TRUE,TRUE
ME,2020-07-01,176.904521179865,67.224229526907,1.37965508225794,3.16259797043258,0,458.363840782285,0,0,TRUE,TRUE
ME,2020-08-01,176.069559101016,66.7390799682605,0.890094642856879,2.59283318570754,0,405.560349728116,0,0,TRUE,TRUE
ME,2020-09-01,174.332431893526,64.7835809080433,0.919638618022388,2.08612171345506,0,366.461527803257,0,0,TRUE,TRUE
ME,2020-10-01,173.350055754067,67.4378843259101,1.01312570086473,2.53471340697618,36.5876124993728,50.1631034032214,0,0,TRUE,TRUE
ME,2020-11-01,184.003309066877,65.7974834991523,0.789558477842405,2.63099663067962,378.028028060007,0,0,0,TRUE,TRUE
ME,2020-12-01,180.398817598543,71.2266583853155,0.904649638916185,2.83081590848476,578.871277378407,0,0,0,TRUE,TRUE
ME,2021-01-01,186.549727673858,68.0915452005635,0.726708261238442,2.73726854567497,707.19813141357,0,0,0,TRUE,TRUE
ME,2021-02-01,184.59721274052,71.1330883838873,0.733028247695621,3.07720804977523,507.51373460897,0,0,0,TRUE,TRUE
ME,2021-03-01,191.628720848268,71.5915643428691,0.853792629380279,3.37898750179156,313.033446278342,0,0,0,TRUE,TRUE
ME,2021-04-01,201.819433045518,80.7315685167411,0.889626826335355,4.26363994806356,0,45.3929782490771,0,0,TRUE,TRUE
ME,2021-05-01,198.890022425746,74.4867755283149,0.830944922202328,3.5014263779703,0,294.696659973516,0,0,TRUE,TRUE
ME,2021-06-01,196.918140004391,74.9870513672656,0.793657277302449,3.03972540152662,0,348.825738436973,0,0,TRUE,TRUE
ME,2021-07-01,198.330225925531,69.0161329334139,0.704652147514017,2.64974050041552,0,560.724562645247,0,0,TRUE,TRUE
ME,2021-08-01,201.836401387863,74.0828080437502,0.773171062643529,3.5696204124027,0,345.309948789985,0,0,TRUE,TRUE
ME,2021-09-01,202.666815537603,78.0367090166735,0.501791304970058,3.06347794229546,0,324.638616036396,0,0,TRUE,TRUE
ME,2021-10-01,193.002139165495,75.1078456976609,0.526316545231051,2.34331828832862,0,0,0,0,TRUE,TRUE
ME,2021-11-01,197.583264387253,68.82462939941,0.342414315321268,1.90586134591896,329.15176767383,0,0,0,TRUE,TRUE
ME,2021-12-01,212.079982824345,77.3219003927612,0.494484573203156,3.34372936665006,595.812265696461,0,0,0,TRUE,TRUE
ME,2022-01-01,207.944450764773,82.3402303123981,0.54017505578159,3.15128435806603,682.46537196592,0,0,0,TRUE,TRUE
ME,2022-02-01,215.219027938709,79.7284924466884,0.523763284206129,3.79145873706463,587.448751016373,0,0,0,TRUE,TRUE
ME,2022-03-01,212.333163565808,77.4009594035832,0.162811374477466,3.38538889098777,365.11380138804,0,0,0,TRUE,TRUE
ME,2022-04-01,205.722070154341,78.4354379596674,0.328754661484314,3.17203763325381,0,0,0,0,TRUE,TRUE
ME,2022-05-01,210.055214186669,77.9023983926839,0.39999101428436,3.2833941570721,0,290.608576408342,0,0,TRUE,TRUE
ME,2022-06-01,219.820004210111,83.4174743860095,0.252181035224843,3.82873710273223,0,418.847838926787,0,0,TRUE,TRUE
ME,2022-07-01,211.327573733341,82.4339122496783,0.043858515062282,2.95399845059622,0,415.752032945363,0,0,TRUE,TRUE
ME,2022-08-01,211.768746109911,79.8708225816834,-0.129308888543139,2.85005958112345,0,502.891925047476,0,0,TRUE,TRUE
ME,2022-09-01,218.946278501884,80.9596851734615,-0.00453180211978098,2.70699337046703,0,282.368717861015,0,0,TRUE,TRUE
ME,2022-10-01,211.697431791649,76.0530349718274,0.103655849383025,2.47610913268087,0,38.9722617833721,0,0,TRUE,TRUE
ME,2022-11-01,208.80567032435,78.4169186000853,-0.205747430997873,2.00646840304844,381.676239707175,0,0,0,TRUE,TRUE
ME,2022-12-01,218.893287687703,84.068011168579,-0.227895283400181,2.45302690397847,642.584170462723,0,0,0,TRUE,TRUE
ME,2023-01-01,225.053743051461,82.1590318075547,-0.102488893151151,2.9490247083083,629.48947242997,0,0,0,TRUE,TRUE
ME,2023-02-01,223.927586762028,82.6473869408897,-0.030463674622838,2.9468433997657,570.554118081317,0,0,0,TRUE,TRUE
ME,2023-03-01,225.239314071189,83.5699646719224,-0.199094826809517,2.98169690892554,394.757885260534,0,0,0,TRUE,TRUE
ME,2023-04-01,230.243206793891,83.2229696821327,-0.172515436929177,3.26341801758675,0,79.6898954692743,0,0,TRUE,TRUE
ME,2023-05-01,237.394205807994,94.2503650567178,-0.0976850085643571,4.64354141801658,0,217.337664769159,0,0,TRUE,TRUE
ME,2023-06-01,233.580796937191,88.4032357628373,-0.222709645318807,3.62388715288252,0,481.569547917117,0,0,TRUE,TRUE
ME,2023-07-01,233.808356845799,82.9740696087288,-0.347264668933461,2.99582857327223,0,546.496695424646,0,0,TRUE,TRUE
ME,2023-08-01,239.156831403779,87.9006529432406,-0.403252318364653,3.4417415993984,0,474.666215631132,0,0,TRUE,TRUE
ME,2023-09-01,236.182198441147,85.3639533721895,-0.479693180109872,2.6454179107071,0,167.569283290651,0,0,TRUE,TRUE
ME,2023-10-01,231.32630890014,84.0880455003315,-0.672538660050085,2.47222424573497,121.505413562907,111.778566660224,0,0,TRUE,TRUE
ME,2023-11-01,235.227198268988,84.9797951350582,-0.624423954865623,2.41797976054584,483.79603652921,0,0,0,TRUE,TRUE
ME,2023-12-01,245.08763241853,88.0399766252147,-0.419633890490088,3.13091387226205,578.330456207207,0,0,0,TRUE,TRUE
ME,2024-01-01,228.928822068982,85.7884093261742,-0.588263679690855,2.08473449053709,612.07927075153,0,0,0,TRUE,TRUE
ME,2024-02-01,246.226518030538,89.9546348643873,-0.710560742234156,3.10074015579085,620.183492260553,0,0,0,TRUE,TRUE
ME,2024-03-01,248.18557414379,91.8363842511574,-0.532585642156858,3.6129310529687,296.187462560651,0,0,0,TRUE,TRUE
ME,2024-04-01,251.82713448281,92.8302271576432,-0.795580203510548,3.71930873848619,0,12.6024557834991,0,0,TRUE,TRUE
ME,2024-05-01,251.545201012439,93.8842807569655,-0.751301571101053,3.63118382260787,0,304.299438342303,0,0,TRUE,TRUE
ME,2024-06-01,256.649345968198,93.6798217197268,-0.752131086030078,3.37244777512899,0,462.741612663762,0,0,TRUE,TRUE
ME,2024-07-01,249.169441475541,96.6994607227434,-0.752795522629923,3.20157183461863,0,443.141386490204,0,0,TRUE,TRUE
ME,2024-08-01,254.546805200027,91.6620374144779,-0.890368059395403,3.2047950827118,0,491.865291417121,0,0,TRUE,TRUE
ME,2024-09-01,251.502107252398,91.1908695195948,-1.13413914803638,2.60058465226798,0,208.770827753905,0,0,TRUE,TRUE
ME,2024-10-01,254.273105730461,91.4507108270666,-1.0924831337712,2.68996835790498,32.8158190591587,23.8344167100429,0,0,TRUE,TRUE
ME,2024-11-01,249.200457458236,91.7924466682329,-0.929732529880994,2.18684490736514,278.238919900547,0,0,0,TRUE,TRUE
ME,2024-12-01,259.952242461511,93.6392801921535,-1.13739467790013,2.63153628537911,659.413753293399,0,0,0,TRUE,TRUE
ME,2025-01-01,267.511895084819,98.5582333395503,-0.821377551428346,3.75893780513618,751.201372645072,0,0,0,TRUE,TRUE
ME,2025-02-01,260.321308498492,93.9009037121355,-1.12738973617222,2.95901910717441,566.355519785579,0,0,0,TRUE,TRUE
ME,2025-03-01,259.895857641807,94.841683783639,-0.874945006395602,3.15423928403123,228.820061034289,0,0,0,TRUE,TRUE
ME,2025-04-01,266.309662112896,100.019371857284,-1.15968797935157,4.021927503244,21.5634073654107,0,0,0,TRUE,TRUE
ME,2025-05-01,265.016039231236,99.2575331020532,-1.24999380524413,3.14480782646105,0,169.642465851463,0,0,TRUE,TRUE
ME,2025-06-01,262.326341221374,93.9044231293305,-1.17747443887272,2.83673441570112,0,488.704802008775,0,0,TRUE,TRUE
ME,2025-07-01,269.525042776992,99.5979325756141,-1.1416955488802,3.23733671147089,0,583.911716823699,0,0,TRUE,TRUE
ME,2025-08-01,264.104984897472,97.1965435493211,-1.52973833469166,2.66165120111654,0,342.458416495291,0,0,TRUE,TRUE
ME,2025-09-01,262.477194240943,92.6420202318811,-1.33850282267358,2.1378177738289,0,219.773658366721,0,0,TRUE,TRUE
ME,2025-10-01,272.779419624307,101.14650481387,-1.32677982011588,3.10883660131321,0,0,0,0,TRUE,TRUE
ME,2025-11-01,275.0905606715,96.2805557363108,-1.5451337074449,2.77268189771287,302.666324239044,0,0,0,TRUE,TRUE
ME,2025-12-01,274.176782774936,98.1487880134142,-1.58974190242104,2.42988584019333,647.850756994297,0,0,0,TRUE,TRUE
ME,2026-01-01,279.005620238055,102.200966172331,-1.56461759695957,3.10512816317679,674.358777324949,0,0,0,TRUE,TRUE
ME,2026-02-01,289.450810283168,107.775106792194,-1.53138149187719,3.99416864115864,594.861318225636,0,0,0,TRUE,TRUE
ME,2026-03-01,291.572507448753,109.769791795802,-1.37163436855501,4.33108619957846,299.300336006633,0,0,0,TRUE,TRUE
ME,2026-04-01,286.720720462665,106.027866659542,-1.61963446894014,3.54611858690511,0,18.2167684935896,0,0,TRUE,TRUE
ME,2026-05-01,289.29890786976,103.884057712312,-1.5757812028967,3.99426115444473,0,170.071155938503,0,0,TRUE,TRUE
ME,2026-06-01,282.676287892149,104.180773162525,-1.47971291693236,3.25789570507995,0,366.446668704746,0,0,TRUE,TRUE
NC,2018-01-01,127.215538854712,52.3030260524371,2.67046894153647,2.71920969294672,758.068435272762,0,0,0,FALSE,TRUE
NC,2018-02-01,127.331523668557,59.4209854410545,2.67508790510513,3.22098752252532,539.141729990147,0,0,0,FALSE,TRUE
NC,2018-03-01,127.340640503402,56.0050361894719,2.46211811505489,3.02078252159064,371.224100253676,0,0,0,FALSE,TRUE
NC,2018-04-01,138.435167488861,61.2938785612542,2.44405035376494,4.04419708635233,16.0862663294035,0,0,0,FALSE,TRUE
NC,2018-05-01,134.399873213675,61.7241202985079,2.50323113945757,3.41814059842206,0,154.032297675936,0,0,FALSE,TRUE
NC,2018-06-01,141.395378082297,55.0850152657535,2.41840554786081,3.19024262076707,0,475.81423989288,0,0,FALSE,TRUE
NC,2018-07-01,124.414694245779,52.3036943735156,2.30960973000861,2.43714512634581,0,469.666294476849,0,0,FALSE,TRUE
NC,2018-08-01,135.340240875944,55.8051561472138,2.34846641178933,3.03382148548271,0,438.437998411527,0,0,FALSE,TRUE
NC,2018-09-01,138.051179918025,57.0165126293685,2.14538541261062,2.69200294205112,0,236.199312642056,0,0,FALSE,TRUE
NC,2018-10-01,136.75969870456,57.2679211764569,2.25543659818027,2.69659537589784,0,78.1914456889852,0,0,FALSE,TRUE
NC,2018-11-01,148.106241544033,63.6829699390479,2.15654905580729,3.38653392708316,290.576401565584,0,0,0,FALSE,TRUE
NC,2018-12-01,141.553386872336,57.7601602282426,2.22955427803047,2.36988243128215,631.95567288222,0,0,0,FALSE,TRUE
NC,2019-01-01,142.192059899088,59.4565368296663,1.92845458132101,3.02216051987685,634.661486349713,0,0,0,FALSE,TRUE
NC,2019-02-01,148.785530218348,61.9151078163188,2.07840179831869,3.03032932852925,583.875579390633,0,0,0,FALSE,TRUE
NC,2019-03-01,151.253174697552,63.7013680915456,2.0305368092981,3.41939131074965,307.67689995511,0,0,0,FALSE,TRUE
NC,2019-04-01,152.967225150665,63.7709575849332,2.08584518692873,3.67136783730118,65.5456009352655,0,0,0,FALSE,TRUE
NC,2019-05-01,148.653347491086,62.8763495101271,1.82072987947722,2.86972232720448,0,235.597968158259,0,0,FALSE,TRUE
NC,2019-06-01,163.840774917533,67.0615592229237,1.95280144966313,4.14743909434815,0,420.52667273241,0,0,FALSE,TRUE
NC,2019-07-01,149.478938850065,61.8834741892821,1.89120502937409,2.86879309641163,0,522.595381471065,0,0,FALSE,TRUE
NC,2019-08-01,155.52501389962,67.8747353612863,1.61229044803686,3.01244798930797,0,392.905778709935,0,0,FALSE,TRUE
NC,2019-09-01,152.368474787163,61.9665650428095,1.84951341067464,2.26743607789373,0,307.08502772514,0,0,FALSE,TRUE
NC,2019-10-01,160.544499258672,67.8521322986772,1.66384495178161,2.80361239673231,9.65278727874397,0,0,0,FALSE,TRUE
NC,2019-11-01,154.922590828331,64.3473306819455,1.6173155247603,2.87884845036266,345.948966763086,0,0,0,FALSE,TRUE
NC,2019-12-01,160.006404808384,59.5302257765882,1.41783008511762,1.72022304908814,706.201031138363,0,0,0,FALSE,TRUE
NC,2020-01-01,164.773903700449,67.2373676672022,1.63937216483961,3.52426897111867,667.289537940017,0,0,0,FALSE,TRUE
NC,2020-02-01,167.937359044687,65.8478719573271,1.44233281425386,3.46751120129422,595.577598062764,0,0,0,FALSE,TRUE
NC,2020-03-01,171.462707940104,70.7442664636993,1.65767994269059,3.82297815708245,377.178252327533,0,0,0,FALSE,TRUE
NC,2020-04-01,167.389712211633,66.1653405098483,1.46207627684568,3.12648830349492,4.71780290795382,0,0,0,FALSE,TRUE
NC,2020-05-01,174.019802072962,68.7719094183322,1.41863475679814,3.5139759882578,0,188.809082241253,0,0,FALSE,TRUE
NC,2020-06-01,179.476279514248,72.4498865031676,1.39518319363378,3.63996941969724,0,451.872245201896,0,0,FALSE,TRUE
NC,2020-07-01,172.436327859934,71.7696993898019,1.1076532272789,3.33065585696394,0,451.623077975252,0,0,FALSE,TRUE
NC,2020-08-01,162.32963213258,67.4963814614733,1.14661228771886,2.15948407671787,0,461.356193959114,0,0,FALSE,TRUE
NC,2020-09-01,171.637412273419,67.4672083617911,1.06886465869534,2.23543059508907,0,275.611948635577,0,0,FALSE,TRUE
NC,2020-10-01,168.499490531054,69.6694694047285,1.16320675582284,2.48251957666683,0,157.996911076149,0,0,FALSE,TRUE
NC,2020-11-01,173.850369907676,70.3695894647988,0.990945567390973,2.73839966563056,400.004611165157,0,0,0,FALSE,TRUE
NC,2020-12-01,171.223373976265,70.0356277904572,0.885761258065381,2.29304488993011,611.21666499412,0,0,0,FALSE,TRUE
NC,2021-01-01,182.349131484446,77.1549020418848,0.91278716486275,2.94189261129038,656.942096345172,0,0,0,FALSE,TRUE
NC,2021-02-01,189.688405954802,75.7099138006164,0.920224325655339,3.53053008605857,633.716892793186,0,0,0,FALSE,TRUE
NC,2021-03-01,189.91261074149,76.3204194944437,0.98396454325197,3.2955994571817,356.466849034462,0,0,0,FALSE,TRUE
NC,2021-04-01,182.261080373951,74.8628175328397,0.832511511095512,3.18681743746311,0,0,0,0,FALSE,TRUE
NC,2021-05-01,188.373737022293,77.2615257599997,0.798096601924148,3.09623331190775,0,376.502039268198,0,0,FALSE,TRUE
NC,2021-06-01,194.764361854829,76.0015168857112,0.820528779705582,3.33857931044462,0,335.312655496016,0,0,FALSE,TRUE
NC,2021-07-01,195.368216140683,78.8105018685128,0.879331209678696,3.35026953144395,0,381.518045716872,0,0,FALSE,TRUE
NC,2021-08-01,185.684662012175,73.4373491060124,0.700867510568392,2.49338288829776,0,388.869581270229,0,0,FALSE,TRUE
NC,2021-09-01,190.174200173826,76.0314980284318,0.564260534730669,2.43809636238182,0,212.260265089476,0,0,FALSE,TRUE
NC,2021-10-01,184.98347548291,73.0284557914574,0.452315109413839,2.11709006137816,24.5514093885522,0,0,0,FALSE,TRUE
NC,2021-11-01,195.665493585814,74.6388668195748,0.488385728193617,2.68889198336491,337.382884826388,0,0,0,FALSE,TRUE
NC,2021-12-01,195.148210368828,78.7632830378923,0.437730833427697,2.99461472361357,689.265257188229,0,0,0,FALSE,TRUE
NC,2022-01-01,200.232019694358,76.3134660956668,0.402976799529541,3.01575559857878,753.55115364588,0,0,0,FALSE,TRUE
NC,2022-02-01,202.003085657565,78.716790502892,0.42828872582837,3.3565567703552,527.921804685324,0,0,0,FALSE,TRUE
NC,2022-03-01,202.230858095785,76.044726683355,0.180328408255581,3.37299860893037,325.905557582057,0,0,0,FALSE,TRUE
NC,2022-04-01,208.522043817947,81.6469877152936,0.0737223196228008,3.43818397108453,2.10887725395367,28.8584357534834,0,0,FALSE,TRUE
NC,2022-05-01,211.841642863935,81.9829205862774,0.311876450954757,3.93251250554672,0,279.288871566498,0,0,FALSE,TRUE
NC,2022-06-01,209.75370116125,85.4465966975336,0.279856327179506,3.59889498192517,0,500.098763663139,0,0,FALSE,TRUE
NC,2022-07-01,200.893651607187,75.3235514635212,0.113938393925484,2.44258501822742,0,415.616795944592,0,0,FALSE,TRUE
NC,2022-08-01,204.747131576165,80.5452549859747,0.140435386075263,2.39512088201815,0,403.657376135289,0,0,FALSE,TRUE
NC,2022-09-01,206.713235308464,79.5208467054778,-0.0689091973331547,2.51365610139079,0,299.20285971923,0,0,FALSE,TRUE
NC,2022-10-01,203.713528369648,80.9324402538172,0.0659735199869113,2.39694477111184,0,86.055551993253,0,0,FALSE,TRUE
NC,2022-11-01,207.972226318909,83.4904490568025,-0.0842840656835293,2.40597871644556,348.713161534024,0,0,0,FALSE,TRUE
NC,2022-12-01,216.671902226247,83.96786858596,-0.074757086139127,3.35393522672758,632.55297367075,0,0,0,FALSE,TRUE
NC,2023-01-01,219.898112203202,81.3635719674134,-0.0757773795255941,3.05225510423459,688.694122133727,0,0,0,FALSE,TRUE
NC,2023-02-01,225.120853899318,89.8636573401131,-0.0905712615339176,3.3378824701762,505.241669751362,0,0,0,FALSE,TRUE
NC,2023-03-01,223.030192094544,88.0109815150624,-0.190432754409719,3.40871010544187,326.100956160321,0,0,0,FALSE,TRUE
NC,2023-04-01,229.513357342486,90.005607410096,-0.0286369105207462,4.00041727591457,0,0,0,0,FALSE,TRUE
NC,2023-05-01,226.684905184192,83.3495498490615,-0.322372637508795,3.35797875330957,0,243.498139147006,0,0,FALSE,TRUE
NC,2023-06-01,226.336020185094,86.0939153784346,-0.086501314515439,3.27274530634367,0,482.825001862786,0,0,FALSE,TRUE
NC,2023-07-01,222.610664792901,84.0579745603537,-0.447465542434159,2.80209335623849,0,428.284961603634,0,0,FALSE,TRUE
NC,2023-08-01,228.351035862513,86.462873030142,-0.42317049997805,2.8186937323609,0,508.608972667352,0,0,FALSE,TRUE
NC,2023-09-01,223.13151495678,82.0313547759931,-0.551084331045169,2.103308552124,0,346.391129396695,0,0,FALSE,TRUE
NC,2023-10-01,229.583504591302,85.7835105275297,-0.510898336901334,2.40592500812626,111.126061847963,7.91177380913281,0,0,FALSE,TRUE
NC,2023-11-01,228.358405406995,85.6986822189036,-0.665202726968517,2.51825857818782,337.348336029582,0,0,0,FALSE,TRUE
NC,2023-12-01,228.750734496703,88.915251745979,-0.957518052453876,2.34950390490684,644.580540233189,0,0,0,FALSE,TRUE
NC,2024-01-01,233.071766550864,86.2128913869027,-0.783020708121718,2.79528148815495,759.916673207452,0,0,0,FALSE,TRUE
NC,2024-02-01,233.435870276094,85.3339854464176,-0.728792254420729,2.64365911943831,541.591127901669,0,0,0,FALSE,TRUE
NC,2024-03-01,229.680668555062,85.1788342071364,-0.713392694305193,2.48198744257219,320.006105254607,0,0,0,FALSE,TRUE
NC,2024-04-01,240.902257585264,95.0263589323811,-0.583756309845732,3.45959012815445,21.5207982252155,0,0,0,FALSE,TRUE
NC,2024-05-01,244.982217724345,93.4209071220444,-0.741715645076172,3.67791948148806,0,266.63033318753,0,0,FALSE,TRUE
NC,2024-06-01,243.305628825449,93.2677648998894,-0.913889990867423,3.55978420167154,0,348.470776184753,0,0,FALSE,TRUE
NC,2024-07-01,247.373786194271,98.0178648557854,-0.906283629842764,3.40781283882405,0,456.338207569,0,0,FALSE,TRUE
NC,2024-08-01,245.327411149075,92.8539004233606,-1.04410670265997,2.77541414114754,0,425.062874531799,0,0,FALSE,TRUE
NC,2024-09-01,241.116583856876,90.4753355976257,-1.22281173365263,2.51563765856064,0,262.155168007557,0,0,FALSE,TRUE
NC,2024-10-01,246.992656443673,96.0244072980564,-1.14222506216737,2.80150804080253,76.8368373039504,29.1028862261296,0,0,FALSE,TRUE
NC,2024-11-01,240.388495221073,92.1408176936167,-1.24100168672926,2.32084211067423,297.85752044334,0,0,0,FALSE,TRUE
NC,2024-12-01,251.361564414605,95.8880142340096,-1.05504676695882,2.81972118327802,722.717916918407,0,0,0,FALSE,TRUE
NC,2025-01-01,253.24727837836,98.4554878531404,-1.3079577466675,3.17672261803014,660.153184582308,0,0,0,FALSE,TRUE
NC,2025-02-01,252.005024479044,98.4963867576378,-1.22940241518682,3.1133016203627,645.697725343465,0,0,0,FALSE,TRUE
NC,2025-03-01,265.52503286328,102.482389925147,-1.20415457878533,4.10414921443078,294.386877087029,0,0,0,FALSE,TRUE
NC,2025-04-01,259.510690244068,101.836303217897,-1.19169393779432,3.93781514251157,0,5.00543953494396,0,0,FALSE,TRUE
NC,2025-05-01,258.550380871819,103.3249007136,-1.16208519516786,3.41562732095203,0,232.718180168026,0,0,FALSE,TRUE
NC,2025-06-01,262.263330598903,107.539207116646,-1.10699595249055,4.01770526885633,0,353.107781923645,0,0,FALSE,TRUE
NC,2025-07-01,257.851083273612,97.4545645402633,-1.49670831946081,2.74669514239206,0,423.953806685583,0,0,FALSE,TRUE
NC,2025-08-01,267.727963799816,101.960472986459,-1.64618268777923,3.0493486563733,0,391.444167991589,0,0,FALSE,TRUE
NC,2025-09-01,255.567848104712,101.544795182656,-1.68914635946542,2.84343349198424,0,260.51256984174,0,0,FALSE,TRUE
NC,2025-10-01,262.026222312484,95.8564545216881,-1.76260706699828,2.30080364524536,71.5583583911513,46.537507963818,0,0,FALSE,TRUE
NC,2025-11-01,261.227253075713,98.5123402773865,-1.77700361616446,2.22301314150082,372.013619282333,0,0,0,FALSE,TRUE
NC,2025-12-01,268.173999276974,100.433900378681,-1.74948085667616,2.66026893496804,613.913934375375,0,0,0,FALSE,TRUE
NC,2026-01-01,274.497970103657,100.232559328147,-1.71251547922417,2.91431451528808,827.233796242612,0,0,0,FALSE,TRUE
NC,2026-02-01,279.5986720759,105.363914386406,-1.86618267712029,3.47037562346445,617.925055921277,0,0,0,FALSE,TRUE
NC,2026-03-01,274.020714462924,100.024767328176,-1.90638252840691,3.01700493598359,384.451784260689,0,0,0,FALSE,TRUE
NC,2026-04-01,272.528414688919,107.419234232882,-1.87722311790935,3.58698510230156,150.993453025602,36.2892876665435,0,0,FALSE,TRUE
NC,2026-05-01,281.348625585067,107.307092190041,-1.86712444684022,3.4097202822801,0,305.421166710039,0,0,FALSE,TRUE
NC,2026-06-01,280.706473645958,104.913479669083,-1.7757113077129,3.51759339992268,0,353.529993890031,0,0,FALSE,TRUE
NH,2018-01-01,156.869887300372,54.4769826950194,2.4403116691185,3.35186690692448,694.877593020137,0,0,0,TRUE,TRUE
NH,2018-02-01,156.1426715912,59.8560945753989,2.09182325471001,3.43220857271466,659.014974385453,0,0,0,TRUE,TRUE
NH,2018-03-01,161.403853584603,58.026886299369,2.12895942967457,3.46819124144613,297.507216958881,0,0,0,TRUE,TRUE
NH,2018-04-01,157.746210372728,58.8411029462369,2.18045054113347,3.78287239446292,9.82305094306911,43.7987262470957,0,0,TRUE,TRUE
NH,2018-05-01,154.694440254403,58.1108677997877,2.03217448244012,3.40257219184574,0,285.557021976879,0,0,TRUE,TRUE
NH,2018-06-01,160.084150847633,53.3379471798987,2.1283398589475,3.37496835387245,0,476.960858777027,0,0,TRUE,TRUE
NH,2018-07-01,158.605974733283,56.2630780031392,1.91092188854957,2.78237007311788,0,457.789154120922,0,0,TRUE,TRUE
NH,2018-08-01,162.746151100089,58.634572018371,2.10743909482857,3.17154658208632,0,446.855472201213,0,0,TRUE,TRUE
NH,2018-09-01,157.957483205026,53.9791735401304,1.98076198903416,2.40590102699448,0,266.244522377989,0,0,TRUE,TRUE
NH,2018-10-01,161.969136667251,57.5020726007526,1.91813433392405,3.42265422465681,41.6241470353711,0,0,0,TRUE,TRUE
NH,2018-11-01,158.947199243552,47.9083291075003,1.66760076265337,1.92175784959883,363.478403555176,0,0,0,TRUE,TRUE
NH,2018-12-01,164.560239452009,57.9653655307778,1.78354268249304,2.6177690967855,586.35069702674,0,0,0,TRUE,TRUE
NH,2019-01-01,167.879801423046,59.4014609281821,1.87440361918186,2.9501574294277,731.447831493549,0,0,0,TRUE,TRUE
NH,2019-02-01,172.233753433673,62.8411743325448,1.63608917796597,3.00364271073786,636.338992174327,0,0,0,TRUE,TRUE
NH,2019-03-01,177.970173400672,59.4866355827515,1.77170143344844,3.63696509143843,274.34272309686,0,0,0,TRUE,TRUE
NH,2019-04-01,169.797538408147,62.4416300386802,1.50882411877971,3.37928439638279,56.9834453301441,0,0,0,TRUE,TRUE
NH,2019-05-01,171.821507590863,61.7283558653596,1.7182504327428,2.98295646149315,0,258.071123430229,0,0,TRUE,TRUE
NH,2019-06-01,173.042925366906,57.7222629612912,1.4930154082335,2.75314771764531,0,553.34620507186,0,0,TRUE,TRUE
NH,2019-07-01,184.442680310644,68.5196226757107,1.63157816511999,3.80957984062072,0,545.229616809898,0,0,TRUE,TRUE
NH,2019-08-01,174.422240946988,59.6505190373829,1.56204090339794,2.76378814690174,0,467.873101414989,0,0,TRUE,TRUE
NH,2019-09-01,175.84829041867,57.3470292820832,1.22675262798844,2.1023771140279,0,205.495073102159,0,0,TRUE,TRUE
NH,2019-10-01,169.991128607692,55.9500938315309,1.28221010215901,1.83733856717606,59.7615925910155,46.9783934296288,0,0,TRUE,TRUE
NH,2019-11-01,176.428409075945,56.9614771036458,1.12098262018171,2.18657434011741,325.439578257362,0,0,0,TRUE,TRUE
NH,2019-12-01,185.476733137707,63.3267368262414,1.22289212768157,2.73151797415657,570.331900026898,0,0,0,TRUE,TRUE
NH,2020-01-01,193.249050736127,68.916672592605,1.4731280510448,3.23843344644231,637.391166182687,0,0,0,TRUE,TRUE
NH,2020-02-01,193.15010956448,67.5767253382542,1.44700012848386,3.17751766282824,601.26788763555,0,0,0,TRUE,TRUE
NH,2020-03-01,198.483002685059,70.8560461444375,1.3108104716978,4.34513656957649,371.564559894369,0,0,0,TRUE,TRUE
NH,2020-04-01,201.348216269147,74.7784658742971,1.32809829180342,4.49327239872008,47.5374739233909,0,0,0,TRUE,TRUE
NH,2020-05-01,192.226165644113,68.7920588900662,0.963621349923564,2.74494334443628,0,293.485272558182,0,0,TRUE,TRUE
NH,2020-06-01,200.203159999915,71.0553216339901,1.35888032254031,3.4135624865744,0,427.656028109635,0,0,TRUE,TRUE
NH,2020-07-01,204.138677956819,74.7772985165655,1.23579168303821,3.99085000513192,0,530.351995524877,0,0,TRUE,TRUE
NH,2020-08-01,194.262888759262,66.6199021973941,1.0610434794316,2.5664153323972,0,433.743185446116,0,0,TRUE,TRUE
NH,2020-09-01,185.818760029374,62.228130211149,0.814710618698285,1.83042315662184,0,231.178981514803,0,0,TRUE,TRUE
NH,2020-10-01,197.646887521222,66.86525049535,0.849406484070179,3.10796860923197,0,65.7315015597214,0,0,TRUE,TRUE
NH,2020-11-01,197.66520897651,67.2334951907955,0.872136356743908,2.4756979770766,351.136462097798,0,0,0,TRUE,TRUE
NH,2020-12-01,204.623833885419,66.0644484507651,0.993986408625234,2.66652946172818,564.084720997589,0,0,0,TRUE,TRUE
NH,2021-01-01,204.095656548261,71.7374659959707,0.728233504467092,2.70983915125393,681.773536796649,0,0,0,TRUE,TRUE
NH,2021-02-01,212.903029312555,74.0873595202902,0.819135538137334,3.45351647036982,664.121151195265,0,0,0,TRUE,TRUE
NH,2021-03-01,211.655160818513,74.8123384141891,0.767964335877045,3.48788003363044,350.242910630915,0,0,0,TRUE,TRUE
NH,2021-04-01,204.636841717005,73.2339320313747,0.764725553460958,3.23587716905014,0,41.0686379031244,0,0,TRUE,TRUE
NH,2021-05-01,214.135512513446,73.9676282294599,0.685343567940012,3.11306398156527,0,287.210273863306,0,0,TRUE,TRUE
NH,2021-06-01,213.874669738487,75.0453477925959,0.842853817456016,3.38774624505081,0,480.388141818229,0,0,TRUE,TRUE
NH,2021-07-01,213.437094785671,76.0805665793521,0.734988517663911,3.07572681170445,0,449.686472306065,0,0,TRUE,TRUE
NH,2021-08-01,201.75664231158,70.9213186883309,0.417971567684305,1.71578971001924,0,528.216217437852,0,0,TRUE,TRUE
NH,2021-09-01,212.147521238146,72.6951438364658,0.455320150313609,2.58522362793313,0,327.051776693146,0,0,TRUE,TRUE
NH,2021-10-01,206.724548019342,69.9448134699639,0.291195710919093,2.00441262316144,0,94.733595248929,0,0,TRUE,TRUE
NH,2021-11-01,213.026291250638,70.558947064042,0.41544671882028,2.55967368070817,304.36520751369,0,0,0,TRUE,TRUE
NH,2021-12-01,223.966649725072,75.3890734660224,0.565631331276019,2.63728944429339,605.801361262325,0,0,0,TRUE,TRUE
NH,2022-01-01,224.828039765865,80.018908658933,0.292737521865963,3.10185762249537,696.411763216268,0,0,0,TRUE,TRUE
NH,2022-02-01,224.21572321543,78.9531375429142,0.498765771013262,3.31690926802527,632.401045329592,0,0,0,TRUE,TRUE
NH,2022-03-01,230.889190698682,80.4564701996021,0.401963330969049,3.59347695312471,411.9242152318,0,0,0,TRUE,TRUE
NH,2022-04-01,230.568601199215,82.9375430858351,0.330215003492406,3.86625064938143,4.97591914172205,16.2140813821334,0,0,TRUE,TRUE
NH,2022-05-01,234.322503214153,80.9251045612725,0.254816362356107,3.97584199267931,0,161.742420117257,0,0,TRUE,TRUE
NH,2022-06-01,235.778973110509,82.4790018265696,0.299651591322416,3.67285429364996,0,413.58711520604,0,0,TRUE,TRUE
NH,2022-07-01,233.005357936219,83.1747159712448,0.240041098105937,3.30724376042984,0,556.85353588985,0,0,TRUE,TRUE
NH,2022-08-01,236.753496792968,84.2211286577322,0.190570460495668,3.59738005360184,0,332.551731376834,0,0,TRUE,TRUE
NH,2022-09-01,234.023412277437,80.0803543096268,-0.0873830212941742,2.57717468410404,0,312.693862445188,0,0,TRUE,TRUE
NH,2022-10-01,233.204269908775,80.7107096875624,-0.128801799717812,2.64857637477271,107.522541205787,0,0,0,TRUE,TRUE
NH,2022-11-01,231.940915108966,78.0282839804201,-0.0699052489876279,2.26325468613089,383.729927696327,0,0,0,TRUE,TRUE
NH,2022-12-01,230.259099147181,76.348358951752,-0.167810525781928,2.11886376536429,616.45912039172,0,0,0,TRUE,TRUE
NH,2023-01-01,243.121026164417,83.7242528844724,0.148711388902252,3.33154874826369,730.640254348725,0,0,0,TRUE,TRUE
NH,2023-02-01,239.663231779404,83.8425928069955,-0.0192725820407822,2.81008348220661,610.868397657233,0,0,0,TRUE,TRUE
NH,2023-03-01,256.425956470812,87.5297917542363,-0.182699065167812,4.31950443534551,323.606413651801,0,0,0,TRUE,TRUE
NH,2023-04-01,243.824354174207,87.0021964692173,0.103151255206513,3.39806570920359,34.7858833173713,32.2887467516766,0,0,TRUE,TRUE
NH,2023-05-01,252.488168782913,87.2625876209709,-0.263637234489608,4.26163687994087,0,295.388666044455,0,0,TRUE,TRUE
NH,2023-06-01,255.406359276701,85.8933680789792,-0.212218093393725,3.68198035087537,0,463.735532780704,0,0,TRUE,TRUE
NH,2023-07-01,252.353673006589,91.1097680904395,-0.398145083695863,3.47589732563587,0,473.762126470217,0,0,TRUE,TRUE
NH,2023-08-01,255.291021766194,91.5065436723217,-0.273341127672667,3.30175303036647,0,394.384574243572,0,0,TRUE,TRUE
NH,2023-09-01,240.230440197263,77.5271782102953,-0.644925890133034,1.48573060668005,0,245.754083106976,0,0,TRUE,TRUE
NH,2023-10-01,241.670235207743,80.0394676374911,-0.586113036260414,1.77819431965664,0,0,0,0,TRUE,TRUE
NH,2023-11-01,249.329114593596,86.8812406456842,-0.272145701901299,2.60339789570028,249.8538420197,0,0,0,TRUE,TRUE
NH,2023-12-01,254.401992018463,84.2042296134374,-0.686323290785049,2.22913645225456,666.396537770413,0,0,0,TRUE,TRUE
NH,2024-01-01,261.382819867662,91.2637764811579,-0.600961847168335,2.91603074513967,685.333725178303,0,0,0,TRUE,TRUE
NH,2024-02-01,263.704780524184,94.6032901116807,-0.585126651045747,3.69096991601086,578.402495761742,0,0,0,TRUE,TRUE
NH,2024-03-01,264.69123966109,92.825000582454,-0.69061711674576,3.18707315925544,363.857256634925,0,0,0,TRUE,TRUE
NH,2024-04-01,257.657452603249,95.0646270742505,-0.715327376208026,3.35329083603227,0,0,0,0,TRUE,TRUE
NH,2024-05-01,273.369564640252,97.1559357045033,-0.674915082013653,3.87781422360196,0,283.080870343494,0,0,TRUE,TRUE
NH,2024-06-01,269.914044642943,92.234491412696,-0.786142556907423,3.25498257283766,0,449.868081499972,0,0,TRUE,TRUE
NH,2024-07-01,266.196898819996,92.7004426071728,-0.88249065335722,3.16179424058576,0,422.369622365727,0,0,TRUE,TRUE
NH,2024-08-01,264.210412087792,90.3796959498573,-0.918650131246988,2.87248679387549,0,428.299261753634,0,0,TRUE,TRUE
NH,2024-09-01,257.14568695906,88.7257633851919,-1.05610590936584,1.78055040457568,0,321.230035274735,0,0,TRUE,TRUE
NH,2024-10-01,265.365840362684,93.279414039718,-1.07678527096519,2.35902697482909,0,0,0,0,TRUE,TRUE
NH,2024-11-01,269.936592669255,93.7194330087131,-1.03589302085214,2.58442865457704,343.180835380704,0,0,0,TRUE,TRUE
NH,2024-12-01,271.914176354421,93.2645491857712,-1.0534855579267,2.7855527376271,678.364585053731,0,0,0,TRUE,TRUE
NH,2025-01-01,277.995764827166,97.6747991704755,-1.18310640658037,3.09764357763304,639.945373973545,0,0,0,TRUE,TRUE
NH,2025-02-01,272.945089034102,93.6865656123917,-1.07960976314603,2.75497777820079,706.00675005654,0,0,0,TRUE,TRUE
NH,2025-03-01,282.850733112635,100.402179040233,-1.04023546691818,3.81554642748351,372.944737633007,0,0,0,TRUE,TRUE
NH,2025-04-01,286.24535873733,101.911784859665,-1.10252979825247,3.82105508220784,61.0502695414723,0,0,0,TRUE,TRUE
NH,2025-05-01,286.655782929823,100.4720739637,-1.12767274566944,3.21133788979973,0,203.556202233435,0,0,TRUE,TRUE
NH,2025-06-01,291.497121078487,101.363623499577,-1.223607624469,3.59863011033496,0,465.895687698592,0,0,TRUE,TRUE
NH,2025-07-01,284.659386767158,96.6175234774315,-1.24115288197661,2.81458761083178,0,455.780008375585,0,0,TRUE,TRUE
NH,2025-08-01,284.65877604237,96.4534628714029,-1.3989280436508,2.64547329024032,0,358.769434859437,0,0,TRUE,TRUE
NH,2025-09-01,285.138401900837,99.1651026096985,-1.365902167401,2.3884553594934,0,257.231294656507,0,0,TRUE,TRUE
NH,2025-10-01,281.888438862091,99.1421543380122,-1.66439467360799,2.47497746363351,0,156.999451079056,0,0,TRUE,TRUE
NH,2025-11-01,289.948887697514,96.6236740978024,-1.5568188427918,2.32353682208616,408.926511777246,0,0,0,TRUE,TRUE
NH,2025-12-01,290.233146294419,99.7647417961397,-1.43839069232838,2.61570420432892,590.703223731589,0,0,0,TRUE,TRUE
NH,2026-01-01,299.459023593578,103.444323910571,-1.46308839293377,3.26975481209339,717.129577893849,0,0,0,TRUE,TRUE
NH,2026-02-01,302.044124259179,104.671218512193,-1.54027544488921,3.63478019690016,577.210596962321,0,0,0,TRUE,TRUE
NH,2026-03-01,299.701920675405,110.499957249003,-1.38326184185407,3.52372099979608,362.057853910142,0,0,0,TRUE,TRUE
NH,2026-04-01,303.66542737165,104.056939246668,-1.56335663286524,3.38064277142298,5.28260631764411,80.7165618954223,0,0,TRUE,TRUE
NH,2026-05-01,306.861855745608,105.769099264421,-1.65671894824473,3.91029620336704,0,291.667341218284,0,0,TRUE,TRUE
NH,2026-06-01,308.355690943325,104.732905342432,-1.65275390369583,3.77707978522943,0,433.364098908556,0,0,TRUE,TRUE
NJ,2018-01-01,139.965438129396,52.8216085642757,1.9135388751622,2.95181165954047,723.450924918005,0,0,0,TRUE,TRUE
NJ,2018-02-01,138.227106621165,53.6053041281124,1.62661658430751,3.01673738614576,693.842601746658,0,0,0,TRUE,TRUE
NJ,2018-03-01,143.224558072081,52.6574659856892,1.75633437953606,2.94555885773507,345.362728331706,0,0,0,TRUE,TRUE
NJ,2018-04-01,150.153289635516,61.7377623726545,1.71048097247059,4.29982519400022,21.4062185771177,49.7476068969751,0,0,TRUE,TRUE
NJ,2018-05-01,153.777924467964,64.6401200010743,1.72856626266852,4.2449414482082,0,252.46870403363,0,0,TRUE,TRUE
NJ,2018-06-01,137.285484874176,49.201813527829,1.53218061388633,2.22808119854908,0,363.190223966269,0,0,TRUE,TRUE
NJ,2018-07-01,148.881121016567,53.4014499400811,1.51869736395014,2.70977444832069,0,462.868444757521,0,0,TRUE,TRUE
NJ,2018-08-01,153.910836665312,59.871233796598,1.53512433421252,3.27711681976956,0,562.512692335514,0,0,TRUE,TRUE
NJ,2018-09-01,141.359238285943,50.7984129899331,1.26670412802074,1.59310140270533,0,328.192160294261,0,0,TRUE,TRUE
NJ,2018-10-01,150.120758434014,54.5029916304911,1.40487183036872,2.3446146842816,27.1444828657875,0,0,0,TRUE,TRUE
NJ,2018-11-01,156.805559876559,55.2809684643813,1.42118706852751,2.42862063472905,421.089630589245,0,0,0,TRUE,TRUE
NJ,2018-12-01,150.894893660042,57.8790061003634,1.48142094237552,2.29198788574919,650.661264840086,0,0,0,TRUE,TRUE
NJ,2019-01-01,150.766639981342,60.2683851527804,1.35928597801358,2.93251159076066,604.488338500528,0,0,0,TRUE,TRUE
NJ,2019-02-01,165.218831008886,62.2160286531883,1.37884434547363,3.60652715094952,621.094548131725,0,0,0,TRUE,TRUE
NJ,2019-03-01,158.297153441444,65.1331591612194,1.31713700775128,3.12907741823927,244.807528971665,0,0,0,TRUE,TRUE
NJ,2019-04-01,167.211539161604,67.6130137194547,1.18653180106374,4.22286567718926,0,0,0,0,TRUE,TRUE
NJ,2019-05-01,166.460518698532,63.5750073028863,1.50735084478234,3.74916693152461,0,333.543266348641,0,0,TRUE,TRUE
NJ,2019-06-01,163.735260092132,62.4718966334141,1.16625379937146,2.75128515380583,0,367.40580680317,0,0,TRUE,TRUE
NJ,2019-07-01,168.550199913377,64.0377749609609,1.21141756782013,3.53324212377827,0,492.815976734311,0,0,TRUE,TRUE
NJ,2019-08-01,163.755358400661,62.0043372402832,1.18223221692401,2.70710356327164,0,445.396932981817,0,0,TRUE,TRUE
NJ,2019-09-01,163.625670693997,62.7645827771271,0.946907836287565,2.05920061132248,0,308.399154783285,0,0,TRUE,TRUE
NJ,2019-10-01,161.705030585503,61.1110159878204,0.952623732191969,2.41261796999297,0.49047113490204,0,0,0,TRUE,TRUE
NJ,2019-11-01,169.687523323241,59.1270650520676,0.962525386576992,2.39599520836175,372.342354604474,0,0,0,TRUE,TRUE
NJ,2019-12-01,176.23310151855,64.925973612282,1.17196271250417,3.06303365065518,685.928273862078,0,0,0,TRUE,TRUE
NJ,2020-01-01,179.580388315802,65.7056388985704,1.13996714641726,3.05742343068869,643.45517315147,0,0,0,TRUE,TRUE
NJ,2020-02-01,180.865946700835,66.8137605964616,1.01495427833407,3.11841707067881,620.849580363736,0,0,0,TRUE,TRUE
NJ,2020-03-01,184.787363644369,67.8334253254002,1.08431712226877,3.58799197851995,386.917777377167,0,0,0,TRUE,TRUE
NJ,2020-04-01,181.096266056684,70.7093779533209,1.02040676425778,3.8694546334379,0,60.159423936458,0,0,TRUE,TRUE
NJ,2020-05-01,182.471469122729,67.2981185470243,1.05530221478278,3.48285280409652,0,270.228166618439,0,0,TRUE,TRUE
NJ,2020-06-01,172.068193944512,64.6267736968652,0.845272414481855,1.92431703116805,0,532.459328390909,0,0,TRUE,TRUE
NJ,2020-07-01,183.92656584717,67.0186308025211,1.01100892198808,2.84400065447788,0,487.826419419729,0,0,TRUE,TRUE
NJ,2020-08-01,174.552944142167,61.56169827627,0.669010702052656,1.80109641258613,0,483.582368747259,0,0,TRUE,TRUE
NJ,2020-09-01,183.960688849955,67.7797910998502,0.69746771945478,2.41129126485548,0,287.226551974453,0,0,TRUE,TRUE
NJ,2020-10-01,178.93193406148,68.4088806251107,0.672233797714079,2.05559281646844,0,0,0,0,TRUE,TRUE
NJ,2020-11-01,181.788753411974,65.7655416600131,0.6591417044721,1.96876366448983,397.530378559725,0,0,0,TRUE,TRUE
NJ,2020-12-01,188.733669776845,71.0361376785462,0.77916184241846,2.32253924189542,676.16493325378,0,0,0,TRUE,TRUE
NJ,2021-01-01,191.434669423459,71.3960129190966,0.579399568716059,2.61566216568895,662.845797656932,0,0,0,TRUE,TRUE
NJ,2021-02-01,198.604941845951,74.7767405058744,0.703267533528135,3.50086366129945,503.246904913682,0,0,0,TRUE,TRUE
NJ,2021-03-01,198.948880903283,76.4993914006961,0.684678284393194,3.54624494710631,328.617278548531,0,0,0,TRUE,TRUE
NJ,2021-04-01,202.139785180258,77.1137937500848,0.527981422835856,3.94933698849281,21.9716012661553,0,0,0,TRUE,TRUE
NJ,2021-05-01,210.866888979303,81.7171791708895,0.525956832009691,4.28168305953121,0,268.914310154247,0,0,TRUE,TRUE
NJ,2021-06-01,208.520715358787,79.7853879183495,0.45831232994788,3.92427283126313,0,449.650512573539,0,0,TRUE,TRUE
NJ,2021-07-01,201.11940006314,78.183228237617,0.477275307852911,3.0752196035389,0,438.762152522934,0,0,TRUE,TRUE
NJ,2021-08-01,200.805923751514,73.3536975607341,0.342794575772898,2.99564917390759,0,467.71991516121,0,0,TRUE,TRUE
NJ,2021-09-01,200.700140670552,75.1826061065333,0.437199067253323,2.3030457985372,0,220.89913827028,0,0,TRUE,TRUE
NJ,2021-10-01,197.034970369362,72.5079272405971,0.472654192026598,2.11372334227888,18.9701350123127,0,0,0,TRUE,TRUE
NJ,2021-11-01,204.542835938225,72.5271449289799,0.223765529288646,2.22246558473348,363.852790622354,0,0,0,TRUE,TRUE
NJ,2021-12-01,206.604189787175,72.2079629697008,0.309245301299283,2.49900874597778,660.15928162871,0,0,0,TRUE,TRUE
NJ,2022-01-01,215.235517806797,76.582860587632,0.240108362370852,2.75879966070999,721.067790208589,0,0,0,TRUE,TRUE
NJ,2022-02-01,213.802719444284,78.9037614848297,0.26579557011531,3.04043333007335,598.355136246956,0,0,0,TRUE,TRUE
NJ,2022-03-01,210.8242451683,80.1573051241888,-0.155282229500349,2.81927881201667,300.829819449595,0,0,0,TRUE,TRUE
NJ,2022-04-01,210.332574901452,81.9740941525625,0.155979332783175,3.13522375725852,83.6100167061225,0,0,0,TRUE,TRUE
NJ,2022-05-01,218.163879757773,79.7125778938283,0.155029293841003,3.39082406680677,0,247.02111764858,0,0,TRUE,TRUE
NJ,2022-06-01,222.624336008364,83.981849822884,0.0621489844687654,3.41867349467227,0,464.449935784073,0,0,TRUE,TRUE
NJ,2022-07-01,222.776755914377,81.4665623733731,0.160561555741148,3.54635472681365,0,499.74357271748,0,0,TRUE,TRUE
NJ,2022-08-01,216.200318729848,80.5440451858808,-0.0150530706004188,2.42978169075216,0,454.468352387602,0,0,TRUE,TRUE
NJ,2022-09-01,219.296935363622,79.5490633616855,0.0461667457147244,2.56202866652369,0,322.897227977492,0,0,TRUE,TRUE
NJ,2022-10-01,218.425097067179,74.5375620986427,-0.0125765985801993,2.09469256727883,13.2213198298862,27.9250028689244,0,0,TRUE,TRUE
NJ,2022-11-01,225.686230975572,82.7198407370404,-0.049545423261812,2.60511816142944,392.919521424232,0,0,0,TRUE,TRUE
NJ,2022-12-01,222.91519556404,80.0350099733942,-0.0082165444243168,2.64838456463129,560.606554869102,0,0,0,TRUE,TRUE
NJ,2023-01-01,230.807188161236,87.8790270857157,0.0821073868582999,3.10041175569225,837.136117184762,0,0,0,TRUE,TRUE
NJ,2023-02-01,231.50616110853,84.9672363750198,0.00296612418379519,3.20806278805359,500.386005043307,0,0,0,TRUE,TRUE
NJ,2023-03-01,240.398436395199,89.6353835973177,-0.166595340712084,3.63988826865284,366.564418239086,0,0,0,TRUE,TRUE
NJ,2023-04-01,236.196352781579,85.1469986825334,-0.00913116496862487,3.25616308554561,5.92450571827079,136.571587237264,0,0,TRUE,TRUE
NJ,2023-05-01,241.227764979303,88.2338742967125,-0.154570197176126,3.42623459285282,0,256.402179365257,0,0,TRUE,TRUE
NJ,2023-06-01,242.507905969079,88.587874121632,-0.401343491778004,3.6561204519002,0,493.745167562752,0,0,TRUE,TRUE
NJ,2023-07-01,243.902932903631,88.4185508441086,-0.0667531533780888,3.04612180299079,0,473.531934281387,0,0,TRUE,TRUE
NJ,2023-08-01,238.799719866588,86.7469824947598,-0.256265914205244,2.95488780468856,0,512.550292491566,0,0,TRUE,TRUE
NJ,2023-09-01,229.18498556394,84.5026250399848,-0.355542841315509,1.96527171701701,0,240.313657581734,0,0,TRUE,TRUE
NJ,2023-10-01,232.935912431994,84.0544015219907,-0.387277334183772,2.3026115397258,110.93165119879,30.8610537678514,0,0,TRUE,TRUE
NJ,2023-11-01,243.187405630546,86.5396270382524,-0.370398391213586,2.78483853821301,295.638616067883,0,0,0,TRUE,TRUE
NJ,2023-12-01,249.446082747095,90.8108304576969,-0.282130552598301,3.11163502614427,646.502403439627,0,0,0,TRUE,TRUE
NJ,2024-01-01,256.554984360199,91.9121359127711,-0.470605554716566,3.58756580789593,714.13223364102,0,0,0,TRUE,TRUE
NJ,2024-02-01,259.332133624396,91.6498477071778,-0.345759453674428,4.10193463161345,605.838349222435,0,0,0,TRUE,TRUE
NJ,2024-03-01,249.291247749193,91.442857694495,-0.600725544646261,3.16582713273459,295.577962075502,0,0,0,TRUE,TRUE
NJ,2024-04-01,260.532979843059,99.7084204977988,-0.307576202127887,4.04720448587175,0,11.3182941692836,0,0,TRUE,TRUE
NJ,2024-05-01,252.705911843289,94.9933031770033,-0.477430253417278,3.08450546596405,0,285.498819512606,0,0,TRUE,TRUE
NJ,2024-06-01,258.134088920553,93.6753199133342,-0.562899352085148,3.43150836750734,0,442.554184558478,0,0,TRUE,TRUE
NJ,2024-07-01,253.630969993408,91.5166621146006,-0.66350743395231,3.01787920952808,0,405.796330482492,0,0,TRUE,TRUE
NJ,2024-08-01,251.399223811437,91.3072587234842,-0.623082884845151,2.34563246139708,0,521.561983923299,0,0,TRUE,TRUE
NJ,2024-09-01,257.299789193029,91.3205477661918,-0.627030385093664,2.50846590975005,0,241.582088740903,0,0,TRUE,TRUE
NJ,2024-10-01,255.115768677913,88.7485622163346,-0.934462297024483,2.2123139853251,95.2424917803883,44.1041010687654,0,0,TRUE,TRUE
NJ,2024-11-01,256.903251273068,91.2612633224715,-0.846099095761895,2.60188447442243,371.246138492728,0,0,0,TRUE,TRUE
NJ,2024-12-01,258.254403120104,93.6833068461346,-0.87016958627304,2.22349758124094,629.912207436132,0,0,0,TRUE,TRUE
NJ,2025-01-01,269.77427578725,99.943146011207,-0.749928522112102,3.5563509182582,600.907570317026,0,0,0,TRUE,TRUE
NJ,2025-02-01,266.267549533754,93.292070440544,-0.76039350683265,2.7258205363604,572.109745234548,0,0,0,TRUE,TRUE
NJ,2025-03-01,273.037195341125,94.8746293773971,-0.831545438178904,3.58256361780677,360.051948309622,0,0,0,TRUE,TRUE
NJ,2025-04-01,272.787974494717,100.324206811985,-0.815289893236689,3.78309621217612,6.7977130496479,19.4554710445463,0,0,TRUE,TRUE
NJ,2025-05-01,275.169850196709,102.609482550676,-0.853301027447895,3.59345747986499,0,248.323791725451,0,0,TRUE,TRUE
NJ,2025-06-01,274.711865392109,99.2665626767994,-0.691662753518812,3.37659540121354,0,477.627355517642,0,0,TRUE,TRUE
NJ,2025-07-01,275.789370713329,102.187441421429,-0.885967366441007,3.33169632110151,0,482.497928222479,0,0,TRUE,TRUE
NJ,2025-08-01,274.036463444763,93.9135647795747,-1.05997983648345,2.61026358984391,0,424.862290717795,0,0,TRUE,TRUE
NJ,2025-09-01,270.369582802617,94.6324642461902,-1.09298912961975,2.45421526005626,0,212.671912779314,0,0,TRUE,TRUE
NJ,2025-10-01,267.251678124797,95.4103226646694,-1.19950227361621,2.33354982152969,0,8.97789596338557,0,0,TRUE,TRUE
NJ,2025-11-01,273.465398483822,97.5627270876086,-1.3993115403942,2.04743609567873,325.008349361864,0,0,0,TRUE,TRUE
NJ,2025-12-01,283.633900210786,102.359830162665,-1.0579613082241,3.17229232253422,474.204659936288,0,0,0,TRUE,TRUE
NJ,2026-01-01,289.822017469472,104.530945290879,-1.1242825601129,3.52065343921982,674.769583761277,0,0,0,TRUE,TRUE
NJ,2026-02-01,288.947287370879,102.730365084588,-1.20529489381572,3.38740674529741,601.863949253086,0,0,0,TRUE,TRUE
NJ,2026-03-01,284.842052250515,104.049215742543,-1.09561388511792,3.17667176727502,285.570238069797,0,0,0,TRUE,TRUE
NJ,2026-04-01,303.547361078305,110.373258319581,-1.10662842135829,5.06876353344444,9.65412360187189,0,0,0,TRUE,TRUE
NJ,2026-05-01,294.285636511756,109.701493195351,-1.1920269940989,3.67126743161718,0,300.824991080567,0,0,TRUE,TRUE
NJ,2026-06-01,296.091779830246,107.841968652417,-1.3920200774557,3.91430712899912,0,436.791866484069,0,0,TRUE,TRUE
NY,2018-01-01,133.45604161947,56.8642983356928,2.20477707351056,2.36368522117508,717.278196652843,0,0,0,TRUE,TRUE
NY,2018-02-01,138.815132894703,63.4166729625551,2.15813540592665,3.18433108711621,622.63320732638,0,0,0,TRUE,TRUE
NY,2018-03-01,144.660015105587,64.1299967506098,2.39001389914608,3.72892154188162,397.389683178178,0,0,0,TRUE,TRUE
NY,2018-04-01,141.096651879256,68.136009253344,2.16426343251921,3.49237169070871,99.3970409123631,0,0,0,TRUE,TRUE
NY,2018-05-01,146.286429357799,63.5813077760231,2.12484694199955,3.25509498260594,0,194.07022742125,0,0,TRUE,TRUE
NY,2018-06-01,145.819195751949,68.0164401988069,2.23644969763187,3.75294206376744,0,422.564073784328,0,0,TRUE,TRUE
NY,2018-07-01,147.538229343554,65.2754080415457,2.0629498656163,3.52877259195704,0,546.258205777688,0,0,TRUE,TRUE
NY,2018-08-01,139.062802843979,62.0064141577697,1.99100348557228,2.45747945855954,0,435.138438149097,0,0,TRUE,TRUE
NY,2018-09-01,143.876266951513,61.1243154683827,1.89079916813443,2.75841473707445,0,319.770433279323,0,0,TRUE,TRUE
NY,2018-10-01,141.847639568528,63.0036634111962,1.74985023028363,2.61292607131677,0,0,0,0,TRUE,TRUE
NY,2018-11-01,141.943298795091,63.3960662253381,1.89343797871686,2.09717486895837,382.352831627745,0,0,0,TRUE,TRUE
NY,2018-12-01,153.966967255178,66.2944163468465,2.07605974157842,3.1361156406682,653.850538321533,0,0,0,TRUE,TRUE
NY,2019-01-01,156.580855819652,64.8224356551569,1.72406164894929,3.05220160582338,700.244409107194,0,0,0,TRUE,TRUE
NY,2019-02-01,153.61034973493,68.4343314509633,1.68192826331237,3.09427428399244,633.477643854216,0,0,0,TRUE,TRUE
NY,2019-03-01,166.045663530771,69.6504674290139,1.73666290387403,4.00626944933776,271.380470844313,0,0,0,TRUE,TRUE
NY,2019-04-01,159.999008073085,70.2460266503958,1.8349507038989,3.67766760917732,0,0,0,0,TRUE,TRUE
NY,2019-05-01,160.477013109829,72.5173208027425,1.58412139591385,3.96295164435327,0,136.33226119124,0,0,TRUE,TRUE
NY,2019-06-01,161.840145275269,69.624593967272,1.47815873723657,3.36498336278454,0,529.103393759254,0,0,TRUE,TRUE
NY,2019-07-01,162.201623926132,68.1412020170984,1.56625754032973,3.10344838180982,0,468.192701884886,0,0,TRUE,TRUE
NY,2019-08-01,158.468540084144,69.770489785974,1.3464715769979,2.61200815688764,0,569.273682822803,0,0,TRUE,TRUE
NY,2019-09-01,161.119735625364,65.5470703348639,1.41656034191308,2.57925846296896,0,270.332728685061,0,0,TRUE,TRUE
NY,2019-10-01,153.901971986282,63.4532580450292,1.49926878884076,2.08878168625582,0,0,0,0,TRUE,TRUE
NY,2019-11-01,166.337997981631,69.3294267529289,1.39063594000637,2.37992942223061,355.157336479395,0,0,0,TRUE,TRUE
NY,2019-12-01,157.277711017131,64.8296284979561,1.14850624955716,1.83806042445168,440.988378821531,0,0,0,TRUE,TRUE
NY,2020-01-01,173.08426521619,78.0220085765492,1.38103178274974,3.14353597327514,581.079274622843,0,0,0,TRUE,TRUE
NY,2020-02-01,174.180851286174,72.4603147218014,1.30787738946915,3.16795355932992,632.665209279385,0,0,0,TRUE,TRUE
NY,2020-03-01,183.626960621246,82.7100629732186,1.27069564365397,4.2209019326201,359.566888585917,0,0,0,TRUE,TRUE
NY,2020-04-01,172.91346287865,77.9724565942441,1.27201080273061,3.31038362832421,66.0766390573249,0,0,0,TRUE,TRUE
NY,2020-05-01,180.767731405727,77.7922412698005,1.08645207454474,3.5412785362907,0,198.025301062265,0,0,TRUE,TRUE
NY,2020-06-01,183.740220506606,75.6116381122377,1.10385425820329,3.40004768999843,0,421.048585735361,0,0,TRUE,TRUE
NY,2020-07-01,178.444941872709,79.1015556027559,0.961310253536844,3.02688832187859,0,448.443650551484,0,0,TRUE,TRUE
NY,2020-08-01,176.181837563943,68.7025492842338,0.903157538046334,2.25108767088947,0,388.448494401176,0,0,TRUE,TRUE
NY,2020-09-01,170.521268573906,69.9224041699938,0.87198708701742,1.89986268438323,0,168.4709620526,0,0,TRUE,TRUE
NY,2020-10-01,178.800671842006,71.306514878927,0.968403692720922,2.32422019534954,0,0,0,0,TRUE,TRUE
NY,2020-11-01,177.731403713802,74.6960749121278,0.804108803522362,2.00173048302287,358.516661683007,0,0,0,TRUE,TRUE
NY,2020-12-01,188.630342023052,77.8412812461708,0.821466021061361,3.13904688987941,721.963711103435,0,0,0,TRUE,TRUE
NY,2021-01-01,184.163004262452,76.9047451440055,0.717195146619661,2.2954199849259,711.451433830114,0,0,0,TRUE,TRUE
NY,2021-02-01,184.614537339442,77.5201190370878,0.692109505865266,2.7246812088217,590.915179194728,0,0,0,TRUE,TRUE
NY,2021-03-01,189.721135565295,79.4452036478143,0.770077053362178,3.09177126421341,226.028318639895,0,0,0,TRUE,TRUE
NY,2021-04-01,190.072102276668,80.2902864174923,0.585497209104952,2.80093460742951,47.4429668357368,0,0,0,TRUE,TRUE
NY,2021-05-01,197.994856630838,84.8116426871862,0.771263770373641,3.17884288437009,0,283.607348248599,0,0,TRUE,TRUE
NY,2021-06-01,201.639750036248,83.6820905481245,0.712634544678264,3.55063945904045,0,358.354685997868,0,0,TRUE,TRUE
NY,2021-07-01,193.144374522415,82.291482838611,0.707647271768986,2.75368510046577,0,519.353233688507,0,0,TRUE,TRUE
NY,2021-08-01,201.72558913307,82.0958582556285,0.558646704264109,3.19091011453479,0,447.594590307945,0,0,TRUE,TRUE
NY,2021-09-01,193.809387679513,82.6852792128201,0.570061359560688,2.5115214090146,0,222.642955960961,0,0,TRUE,TRUE
NY,2021-10-01,200.551042499617,78.9718756727454,0.480469017185543,2.45305932295724,52.9177424215987,22.2780979304933,0,0,TRUE,TRUE
NY,2021-11-01,198.799235775627,80.0835292813464,0.511663247967905,2.31888964358662,404.230368433075,0,0,0,TRUE,TRUE
NY,2021-12-01,198.309002298332,78.4851713510013,0.41869056880014,1.9988326967163,648.743675984872,0,0,0,TRUE,TRUE
NY,2022-01-01,208.837056863375,83.6264416253815,0.364080393544977,3.36314667768601,742.841441597634,0,0,0,TRUE,TRUE
NY,2022-02-01,213.298439047448,87.9982896990089,0.262320637988238,3.2972016100955,619.076411754862,0,0,0,TRUE,TRUE
NY,2022-03-01,210.308381192664,85.0962169126119,0.374278095963901,3.01236983889338,334.585451741938,0,0,0,TRUE,TRUE
NY,2022-04-01,217.50676662052,89.3674539434449,0.378597787442387,3.88701877379882,5.86367646006978,0,0,0,TRUE,TRUE
NY,2022-05-01,216.440337718036,86.8762185456029,0.458927164752666,3.51604360092054,0,329.10003377846,0,0,TRUE,TRUE
NY,2022-06-01,209.254378550723,86.2150103012657,0.036746354712768,2.51931907678093,0,381.057210487035,0,0,TRUE,TRUE
NY,2022-07-01,214.587820710815,91.9600611805381,0.169912530047825,3.41367214304471,0,458.272143543387,0,0,TRUE,TRUE
NY,2022-08-01,210.383831460309,86.8723991656351,-0.0313286789489208,2.45884600210427,0,423.396488170635,0,0,TRUE,TRUE
NY,2022-09-01,213.075451337331,85.4470643045361,0.105374939683382,2.4851712126868,0,264.485155121416,0,0,TRUE,TRUE
NY,2022-10-01,214.432375196796,82.6083012235314,-0.0573514032610386,2.25933564017861,0,0,0,0,TRUE,TRUE
NY,2022-11-01,218.545689522237,91.8810435067412,-0.0192253581214437,2.74123915623376,371.64952542427,0,0,0,TRUE,TRUE
NY,2022-12-01,216.991626095328,86.7184687359764,-0.188236506037066,2.22201145696355,619.999565743607,0,0,0,TRUE,TRUE
NY,2023-01-01,227.73631485306,88.1013059641841,-0.0717290888935382,2.94898223101203,721.363222124499,0,0,0,TRUE,TRUE
NY,2023-02-01,224.618395020019,88.2590562393767,-0.271443419190299,2.54206087166697,526.123092219125,0,0,0,TRUE,TRUE
NY,2023-03-01,224.347665969242,91.1974269679174,-0.109470671880557,2.62597814020893,448.637155779911,0,0,0,TRUE,TRUE
NY,2023-04-01,228.242326838758,93.2900863299746,-0.176763016687109,3.23623413690977,8.70911565282387,0,0,0,TRUE,TRUE
NY,2023-05-01,233.299286101561,93.8624699102403,-0.23003251632579,3.38439573298144,0,209.026938522381,0,0,TRUE,TRUE
NY,2023-06-01,235.764948315159,93.4962003942017,-0.0297120698475714,3.4437059733492,0,451.553771015216,0,0,TRUE,TRUE
NY,2023-07-01,230.96920668582,92.9789199513752,-0.268796112006404,2.90176854875802,0,553.271335281555,0,0,TRUE,TRUE
NY,2023-08-01,228.411524484119,90.1512083052608,-0.462639864984484,2.25641173941449,0,469.414249122824,0,0,TRUE,TRUE
NY,2023-09-01,224.561922153575,88.9716649613865,-0.509749550023851,2.01480330787581,0,249.07234635707,0,0,TRUE,TRUE
NY,2023-10-01,230.421501258778,91.8523462167977,-0.610205560948943,2.2365904202776,37.4563418600159,97.1308323474324,0,0,TRUE,TRUE
NY,2023-11-01,237.187427165482,95.828512370943,-0.522891236619093,2.65808140269588,441.408136644435,0,0,0,TRUE,TRUE
NY,2023-12-01,238.233192481496,95.0690941119916,-0.651559378757067,2.76553041449003,527.367057059613,0,0,0,TRUE,TRUE
NY,2024-01-01,243.972263823488,99.1337754605818,-0.565385362980111,3.0129488596971,644.542564649843,0,0,0,TRUE,TRUE
NY,2024-02-01,251.584937769286,101.432747142386,-0.468554472049213,3.79176257010841,538.369451500638,0,0,0,TRUE,TRUE
NY,2024-03-01,245.103752724453,99.7392252123714,-0.513013227717793,3.16790285918272,355.209654901337,0,0,0,TRUE,TRUE
NY,2024-04-01,251.903543383136,104.696301019673,-0.540533235577312,3.72452797299681,0,94.2022352599033,0,0,TRUE,TRUE
NY,2024-05-01,250.288891594168,96.99779374282,-0.83607748752225,2.94450555747398,0,221.336013765482,0,0,TRUE,TRUE
NY,2024-06-01,247.203782313512,96.5505287962234,-0.714011057672734,2.70541939597516,0,386.918059525396,0,0,TRUE,TRUE
NY,2024-07-01,258.369428058518,102.576766864299,-0.780785904627622,3.73221181698405,0,522.329593445858,0,0,TRUE,TRUE
NY,2024-08-01,242.12702677992,93.9655285170722,-0.843464796006066,2.08619140822074,0,466.792124526253,0,0,TRUE,TRUE
NY,2024-09-01,248.600659597865,98.5140110079336,-0.871044884107154,2.26920003171389,0,156.386294540622,0,0,TRUE,TRUE
NY,2024-10-01,252.360843388334,100.547698636649,-0.811701859151601,2.74804037728384,0,0,0,0,TRUE,TRUE
NY,2024-11-01,246.971954800306,94.3247553754802,-0.95898604058674,1.77406510608363,388.269100887521,0,0,0,TRUE,TRUE
NY,2024-12-01,260.105993605239,102.584109960559,-1.07501607934605,2.76303558382404,614.457781243351,0,0,0,TRUE,TRUE
NY,2025-01-01,267.208431933564,108.73630024765,-0.786304167122603,3.75492693556736,748.719053262621,0,0,0,TRUE,TRUE
NY,2025-02-01,264.514175907074,100.364655615205,-1.13934336658012,3.06324699717116,689.714165995393,0,0,0,TRUE,TRUE
NY,2025-03-01,274.850076705749,109.64335343684,-0.966601062300091,4.29081304252702,460.115592665565,0,0,0,TRUE,TRUE
NY,2025-04-01,271.385720722256,110.708344381432,-1.27702016909821,3.82610194385506,0,0,0,0,TRUE,TRUE
NY,2025-05-01,267.890706806094,106.656027353502,-1.19644624385536,3.7701061829068,0,263.691223690007,0,0,TRUE,TRUE
NY,2025-06-01,266.852559327652,107.424829092236,-1.1339763059535,3.37228227167693,0,374.669982882177,0,0,TRUE,TRUE
NY,2025-07-01,264.739104090407,102.122044930217,-1.57665109801476,2.35812175657984,0,566.47288071016,0,0,TRUE,TRUE
NY,2025-08-01,267.07373443536,109.128429938589,-1.28461423409752,2.63321873044243,0,430.879192054273,0,0,TRUE,TRUE
NY,2025-09-01,272.795785610413,107.80903344057,-1.33989614943331,3.01735766244573,0,194.927118674239,0,0,TRUE,TRUE
NY,2025-10-01,268.414787039831,100.632307671752,-1.35683199378076,2.12166648904882,0,0,0,0,TRUE,TRUE
NY,2025-11-01,274.816213363983,103.915496400672,-1.46789389434692,2.50259109329505,335.072802108085,0,0,0,TRUE,TRUE
NY,2025-12-01,282.793101653227,107.550757710585,-1.56400371837233,3.34824658779811,646.054825674072,0,0,0,TRUE,TRUE
NY,2026-01-01,275.328429852456,109.569792705006,-1.58768688327035,2.49984517196264,683.794915291809,0,0,0,TRUE,TRUE
NY,2026-02-01,281.06251546382,112.922957294137,-1.67025411483986,3.45264409989643,595.808887626451,0,0,0,TRUE,TRUE
NY,2026-03-01,278.016009964697,110.90446484831,-1.28708844822576,3.24070399939428,228.154536430537,0,0,0,TRUE,TRUE
NY,2026-04-01,280.570312902641,107.525232517344,-1.61951074161219,2.73504834238313,0,33.3175677744519,0,0,TRUE,TRUE
NY,2026-05-01,290.291811149623,119.104884015622,-1.63500181417001,3.67925353998374,0,253.684842392556,0,0,TRUE,TRUE
NY,2026-06-01,294.934457426874,114.335047577611,-1.5367440753949,4.14734886396607,0,436.688044540581,0,0,TRUE,TRUE
OH,2018-01-01,154.090260789358,57.5606393398965,2.17547562402101,3.39580734737661,686.285369890482,0,0,0,FALSE,TRUE
OH,2018-02-01,154.113760270036,57.1072649836534,2.04085156412595,3.52706393890758,600.260502496289,0,0,0,FALSE,TRUE
OH,2018-03-01,150.347927156225,58.3657347277243,2.34106731319198,2.68000035223681,373.309228517595,0,0,0,FALSE,TRUE
OH,2018-04-01,153.992693642711,61.1488893805775,2.07088957996838,3.66387883667325,0,0,0,0,FALSE,TRUE
OH,2018-05-01,157.044436613716,65.0966736512102,2.18808154983022,3.94923614505623,0,212.96915650721,0,0,FALSE,TRUE
OH,2018-06-01,152.583649430162,60.3451012838292,1.96604989977668,3.14564526815929,0,460.698001193536,0,0,FALSE,TRUE
OH,2018-07-01,162.50063378382,64.9653447364853,2.11650757759647,3.59152484245123,0,542.075091769623,0,0,FALSE,TRUE
OH,2018-08-01,157.232085699125,62.6872580736384,1.82476006453079,3.36195830570062,0,527.38984872825,0,0,FALSE,TRUE
OH,2018-09-01,152.479303850744,58.3973230995541,1.81503729897172,2.48329851259823,0,243.675860866656,0,0,FALSE,TRUE
OH,2018-10-01,145.372515083383,56.7249564256874,1.81553349070171,1.75063168097132,0,8.04976798716642,0,0,FALSE,TRUE
OH,2018-11-01,147.749349512847,56.9341764043246,1.6019676952026,1.82250301759376,375.932367654352,0,0,0,FALSE,TRUE
OH,2018-12-01,160.382887027921,63.3177101567576,1.78051656482712,2.86215508745488,594.190308769883,0,0,0,FALSE,TRUE
OH,2019-01-01,167.455987762126,66.5606773624061,1.73049628395882,3.03751677120984,706.059975949439,0,0,0,FALSE,TRUE
OH,2019-02-01,165.160543691859,62.9322693162577,1.74520179319177,3.1079679928025,572.109709798098,0,0,0,FALSE,TRUE
OH,2019-03-01,172.256123783486,67.9988625367998,1.72687324092339,3.64895354046899,433.457394699281,0,0,0,FALSE,TRUE
OH,2019-04-01,178.086949698194,67.6073568468238,1.69748882206745,4.04364937620561,40.0690647732553,0,0,0,FALSE,TRUE
OH,2019-05-01,177.403902793834,70.4532066245699,1.53862017164769,3.62511855747179,0,401.89909210726,0,0,FALSE,TRUE
OH,2019-06-01,171.011144441633,69.0627508681714,1.68867764189536,3.83449644399898,0,452.098167723167,0,0,FALSE,TRUE
OH,2019-07-01,176.777324203205,67.9887015992666,1.51268314948141,3.65591431479583,0,407.566392748215,0,0,FALSE,TRUE
OH,2019-08-01,163.404363562299,57.2197505488299,1.230659235992,1.84677987649625,0,437.22403643458,0,0,FALSE,TRUE
OH,2019-09-01,177.463306966646,70.6004007547112,1.44359839104904,3.14218971954502,0,266.391448974525,0,0,FALSE,TRUE
OH,2019-10-01,167.771688438589,60.2091037927596,1.32290439600079,1.85685012761882,0,30.17830412508,0,0,FALSE,TRUE
OH,2019-11-01,173.488649114703,67.1251237047141,1.36992787034109,2.03290009815111,419.258583758416,0,0,0,FALSE,TRUE
OH,2019-12-01,180.899680659947,69.200154914373,1.12531147940196,2.96534256281012,545.797586929522,0,0,0,FALSE,TRUE
OH,2020-01-01,179.650300200587,68.3812315531948,1.29131212733812,2.5089849419336,699.157014516935,0,0,0,FALSE,TRUE
OH,2020-02-01,183.173725238821,71.3619267319627,1.28610566564257,3.01526420362629,597.47260262574,0,0,0,FALSE,TRUE
OH,2020-03-01,188.44094326116,70.89326912294,1.08314156181186,3.41392407062386,292.301443893783,0,0,0,FALSE,TRUE
OH,2020-04-01,191.572542221538,73.7692688742361,1.07706709022235,3.73581722879358,0,24.1586605268559,0,0,FALSE,TRUE
OH,2020-05-01,192.799104582847,75.694390771763,1.26860815873421,3.73805140556147,0,219.779116782333,0,0,FALSE,TRUE
OH,2020-06-01,191.714327170416,75.0964348199562,1.11520518465338,3.02016485977854,0,439.131439340574,0,0,FALSE,TRUE
OH,2020-07-01,188.43904397997,71.1107144555614,1.00864692275387,2.64124744464409,0,537.290726636027,0,0,FALSE,TRUE
OH,2020-08-01,191.963704745197,72.4887515245214,1.13473808595319,2.93089533187078,0,632.134506355759,0,0,FALSE,TRUE
OH,2020-09-01,190.986873906158,74.4494552129593,1.15804492606761,3.28910534357689,0,385.597341877695,0,0,FALSE,TRUE
OH,2020-10-01,186.813969685726,70.8100999043927,0.933236499106321,2.22634295978255,20.3811069793109,0,0,0,FALSE,TRUE
OH,2020-11-01,189.46524154247,72.6631871866732,0.96730777285362,2.49880973990768,379.826920082454,0,0,0,FALSE,TRUE
OH,2020-12-01,197.728963023407,72.8689831759644,0.772373954502285,3.24757256832999,723.227246785505,0,0,0,FALSE,TRUE
OH,2021-01-01,205.077829663853,83.9533877043677,0.923697659905091,3.82869069094892,713.472724002999,0,0,0,FALSE,TRUE
OH,2021-02-01,199.564477916893,76.2481460493912,0.680396005187484,2.98058124861788,576.128107323304,0,0,0,FALSE,TRUE
OH,2021-03-01,201.256659708017,81.4546615562765,0.789944040904477,3.36249546545511,317.145774715008,0,0,0,FALSE,TRUE
OH,2021-04-01,204.446414389083,79.2501844534424,0.473345084319475,2.85672026906765,0,0,0,0,FALSE,TRUE
OH,2021-05-01,213.58795371359,83.9220914242688,0.882440556942228,4.33235843976808,0,169.294159742509,0,0,FALSE,TRUE
OH,2021-06-01,209.697460438788,79.4097751911326,0.54179036762594,3.40490174939263,0,518.836209298287,0,0,FALSE,TRUE
OH,2021-07-01,208.66383697059,81.3733833792306,0.592368802634061,2.99731469393953,0,496.273029956984,0,0,FALSE,TRUE
OH,2021-08-01,202.38342895963,75.1641702669077,0.5926983576927,2.14950200187739,0,474.562422932388,0,0,FALSE,TRUE
OH,2021-09-01,199.685694434042,77.0694778289962,0.433622498448666,1.92943500407039,0,209.220421474228,0,0,FALSE,TRUE
OH,2021-10-01,209.372868557718,79.0095629474985,0.584271701479301,2.73077823334655,62.3634497623868,68.7884048688942,0,0,FALSE,TRUE
OH,2021-11-01,209.489856118258,81.2383606681113,0.492802635349476,2.98396703143866,286.758831706087,0,0,0,FALSE,TRUE
OH,2021-12-01,212.328682547013,77.9952612788234,0.359087339548896,2.71400673401684,487.750447209921,0,0,0,FALSE,TRUE
OH,2022-01-01,218.472143672126,85.0532637924146,0.423597754412888,3.33304065705926,607.838130216645,0,0,0,FALSE,TRUE
OH,2022-02-01,222.262768576607,80.8353504693173,0.185411211487623,3.15998930090123,687.21145187426,0,0,0,FALSE,TRUE
OH,2022-03-01,220.690603747556,82.8155966465513,0.373040043184908,3.35028757962999,343.82605407444,0,0,0,FALSE,TRUE
OH,2022-04-01,227.423383710519,88.9376666545664,0.251627596028645,3.92371262754331,17.5432570475499,94.9552953677832,0,0,FALSE,TRUE
OH,2022-05-01,224.839656167551,86.7477790808767,0.0881239242237344,3.33599459755491,0,295.694865658929,0,0,FALSE,TRUE
OH,2022-06-01,225.994123703377,83.2432221262997,0.300111261588941,3.44795741525472,0,517.995923959079,0,0,FALSE,TRUE
OH,2022-07-01,225.317457431654,82.6652039951828,0.0793282170650603,2.4800076506196,0,536.656659735736,0,0,FALSE,TRUE
OH,2022-08-01,230.574274748295,88.6261341972747,0.241884470982705,3.527543036202,0,425.037609798801,0,0,FALSE,TRUE
OH,2022-09-01,227.136195591379,85.2513448543582,0.0902704946245148,2.88604502796817,0,276.726692274708,0,0,FALSE,TRUE
OH,2022-10-01,228.770947930981,83.093175748279,0.0161698354810889,2.81895999114369,6.35072947602107,66.1556721345723,0,0,FALSE,TRUE
OH,2022-11-01,223.557045993482,78.5727181563346,-0.263581030548179,1.89939750818772,347.771267744418,0,0,0,FALSE,TRUE
OH,2022-12-01,235.336967841381,89.6079947257485,0.034013553689767,3.34472844128412,652.81249280712,0,0,0,FALSE,TRUE
OH,2023-01-01,237.575428666773,84.6048190879591,-0.134946707878648,2.93156609595914,752.092480030104,0,0,0,FALSE,TRUE
OH,2023-02-01,244.158848662152,91.6753670414953,0.0188929803722081,3.50626419308568,527.348352055378,0,0,0,FALSE,TRUE
OH,2023-03-01,244.086027469385,92.8877524003282,-0.192487527649248,3.79323004973462,298.258175420634,0,0,0,FALSE,TRUE
OH,2023-04-01,247.071874710371,89.5724075713934,0.115098301174258,3.56753685423534,0,49.7392253282954,0,0,FALSE,TRUE
OH,2023-05-01,240.431175049095,93.4794616787702,-0.149197896424493,3.51696509317832,0,183.054830889831,0,0,FALSE,TRUE
OH,2023-06-01,237.42690689449,87.3696035910256,-0.19268661042156,2.77216966289821,0,401.381768366086,0,0,FALSE,TRUE
OH,2023-07-01,245.966790821365,91.4541256202748,-0.367886251541538,2.52299917796665,0,397.357654753845,0,0,FALSE,TRUE
OH,2023-08-01,244.043690194465,88.9223115085244,-0.394632247526743,2.45704462718309,0,524.303813661354,0,0,FALSE,TRUE
OH,2023-09-01,235.16438408547,82.8209201409843,-0.593542047322402,2.16274029130021,0,136.193859044244,0,0,FALSE,TRUE
OH,2023-10-01,240.028856067916,89.0345595891799,-0.350502713763649,2.48535270075216,0,18.9037942796549,0,0,FALSE,TRUE
OH,2023-11-01,244.663944021838,90.5532683632529,-0.57536681665721,2.13945000539492,313.92210277743,0,0,0,FALSE,TRUE
OH,2023-12-01,258.997614652943,99.1667748647181,-0.527918964679712,3.51876063391787,582.673799773924,0,0,0,FALSE,TRUE
OH,2024-01-01,257.004846913998,96.402516955888,-0.399788819588289,3.39233236929833,748.649085407034,0,0,0,FALSE,TRUE
OH,2024-02-01,256.81862052447,93.452963985694,-0.719885885445429,3.33707473908708,477.71510281576,0,0,0,FALSE,TRUE
OH,2024-03-01,261.795859624046,97.7673353679803,-0.56959693405522,3.85769361152292,373.706942654583,0,0,0,FALSE,TRUE
OH,2024-04-01,261.722498545143,93.5641290200161,-0.499066758776689,3.78485906809838,6.04378584451208,0,0,0,FALSE,TRUE
OH,2024-05-01,256.721326749166,100.14801566078,-0.667804496296876,3.14384190865718,0,192.930494453598,0,0,FALSE,TRUE
OH,2024-06-01,259.554023227312,95.4576153062455,-0.670265296827971,3.09894346778365,0,364.055708601303,0,0,FALSE,TRUE
OH,2024-07-01,262.930350734422,99.5249358594184,-0.861529174155052,2.84901546355492,0,484.286768742645,0,0,FALSE,TRUE
OH,2024-08-01,266.63414935863,96.6198638899873,-0.802980739154092,2.9393486664313,0,521.389890569734,0,0,FALSE,TRUE
OH,2024-09-01,253.240529916103,92.4285958722957,-1.09986346513967,1.91595813697292,0,265.025008506366,0,0,FALSE,TRUE
OH,2024-10-01,265.251299892211,97.7621111674516,-0.885862848796944,2.50983813126168,24.0516783122794,89.1686096952383,0,0,FALSE,TRUE
OH,2024-11-01,263.570977830284,97.4077201517127,-0.916675787744421,2.30548544367378,325.869415710557,0,0,0,FALSE,TRUE
OH,2024-12-01,271.318713799053,100.74928483843,-0.86152862422198,2.82460699325992,618.996931116346,0,0,0,FALSE,TRUE
OH,2025-01-01,267.938613916707,98.0731821328459,-1.10294520075591,2.44040219070029,749.726610590947,0,0,0,FALSE,TRUE
OH,2025-02-01,274.160680604576,102.056989235346,-1.04921128644859,3.13348287087968,538.57066707115,0,0,0,FALSE,TRUE
OH,2025-03-01,283.11704387921,104.787537913395,-1.03527061919009,4.0290709582998,351.94390753421,0,0,0,FALSE,TRUE
OH,2025-04-01,273.522553609306,101.045033669831,-1.2145392311978,3.27990088367871,49.6584736851373,67.6367086623496,0,0,FALSE,TRUE
OH,2025-05-01,279.368791224373,106.329761336954,-1.32532792706482,3.67454048307582,0,295.360840843033,0,0,FALSE,TRUE
OH,2025-06-01,292.291607223063,108.960040986747,-1.14634491319912,4.294084662335,0,493.144832443171,0,0,FALSE,TRUE
OH,2025-07-01,279.285448389535,105.086127991008,-1.2157397244448,2.99213820650204,0,519.373422040303,0,0,FALSE,TRUE
OH,2025-08-01,279.753215916252,102.405289044,-1.23487758587693,2.82285563164412,0,536.948930938277,0,0,FALSE,TRUE
OH,2025-09-01,283.871624303288,103.977968411844,-1.28659506116754,2.79361661877165,0,287.44114631403,0,0,FALSE,TRUE
OH,2025-10-01,286.645603272854,102.567163998842,-1.11836320501906,3.14255403412575,0,51.5814186611989,0,0,FALSE,TRUE
OH,2025-11-01,281.761309470996,99.7640394583476,-1.4999988223721,2.4256982179104,283.308422246702,0,0,0,FALSE,TRUE
OH,2025-12-01,287.355067826984,102.558631792892,-1.4153815437921,2.90407986550859,660.739376904327,0,0,0,FALSE,TRUE
OH,2026-01-01,283.970067300809,104.067356527858,-1.38250538333893,2.40772431965789,718.415442895285,0,0,0,FALSE,TRUE
OH,2026-02-01,298.350712991247,112.909427789838,-1.41752926018661,4.02989536144485,664.369378986427,0,0,0,FALSE,TRUE
OH,2026-03-01,297.692207489157,111.381131089931,-1.26976679585065,3.82922919192276,349.734259283797,0,0,0,FALSE,TRUE
OH,2026-04-01,298.795187996928,113.189514486121,-1.57682004823811,3.96153065544761,80.6454592418289,66.4690235077838,0,0,FALSE,TRUE
OH,2026-05-01,295.259435372948,109.954571585748,-1.64245916769248,3.2846908953739,0,243.611941351045,0,0,FALSE,TRUE
OH,2026-06-01,301.458367226517,110.939383950148,-1.70700428349027,3.71863777159139,0,422.077192482081,0,0,FALSE,TRUE
PA,2018-01-01,146.765621477211,47.2562830801564,2.62970415715157,2.70809567813141,703.127969086488,0,0,0,FALSE,TRUE
PA,2018-02-01,147.063171160155,51.1290358268211,2.89369871173167,3.47001250657121,593.840063461344,0,0,0,FALSE,TRUE
PA,2018-03-01,154.873170105636,47.9468177954544,2.70716726464081,3.45188552433508,349.545181169033,0,0,0,FALSE,TRUE
PA,2018-04-01,150.764489580317,46.4007425856445,2.7808580861903,3.55177617454576,0,162.03275025294,0,0,FALSE,TRUE
PA,2018-05-01,161.553203804839,52.638042432152,2.51121941158413,3.53960383636943,0,365.236975715184,0,0,FALSE,TRUE
PA,2018-06-01,154.187331467403,48.7392643264731,2.74419623320322,3.27217088970197,0,358.959565471853,0,0,FALSE,TRUE
PA,2018-07-01,151.550789961584,46.3508762418261,2.64043781073582,2.33327398658492,0,518.188720923301,0,0,FALSE,TRUE
PA,2018-08-01,151.832135337842,47.2014557627812,2.45816307604676,2.55181775553081,0,400.554639028883,0,0,FALSE,TRUE
PA,2018-09-01,151.296057907493,43.6465962771692,2.55281865097119,2.09974903093817,0,231.625299123838,0,0,FALSE,TRUE
PA,2018-10-01,158.386576452384,52.1949298009479,2.36916783252915,2.85277128319323,0,0,0,0,FALSE,TRUE
PA,2018-11-01,152.954383596607,44.9348257399832,2.32502256629461,1.85658421118963,276.585074733388,0,0,0,FALSE,TRUE
PA,2018-12-01,163.354586168924,52.1220145984665,2.17229958335774,2.71827037506385,638.176526920997,0,0,0,FALSE,TRUE
PA,2019-01-01,166.24654080967,52.3528923262739,2.22669561568555,3.12685184400267,628.877702675357,0,0,0,FALSE,TRUE
PA,2019-02-01,171.898617340931,55.8950028322813,2.24162571251946,3.37393489055437,598.028729893005,0,0,0,FALSE,TRUE
PA,2019-03-01,170.505908566572,52.8781190020247,2.18140465794911,3.60113256851796,237.670441490775,0,0,0,FALSE,TRUE
PA,2019-04-01,163.502649778857,54.6621926127577,2.19290401802646,2.61608190225679,15.6727144106942,56.9562888056701,0,0,FALSE,TRUE
PA,2019-05-01,170.925207394493,57.8273462140612,2.19886213156631,2.98700726658972,0,232.262048308573,0,0,FALSE,TRUE
PA,2019-06-01,172.243289713216,55.3750882261735,2.22610548785316,3.00848271010941,0,468.157990836049,0,0,FALSE,TRUE
PA,2019-07-01,165.615988957126,49.4281964909746,1.80593610697711,2.27890867475837,0,428.729841784903,0,0,FALSE,TRUE
PA,2019-08-01,168.356979955508,48.0648899548522,1.79644416769403,1.87913318974929,0,485.024171838715,0,0,FALSE,TRUE
PA,2019-09-01,172.000529776494,51.0944556173936,1.91905247635273,2.25456294971962,0,286.168167033886,0,0,FALSE,TRUE
PA,2019-10-01,169.319756663442,49.7531221988929,1.72619428489281,1.91432318970748,0,0,0,0,FALSE,TRUE
PA,2019-11-01,175.106832932854,52.1318123548692,1.77356971089374,2.42437809306085,293.723458097084,0,0,0,FALSE,TRUE
PA,2019-12-01,184.417981956822,57.5370672496707,1.79110910938213,3.37498681551144,657.40624712066,0,0,0,FALSE,TRUE
PA,2020-01-01,187.235719271083,57.5289451812677,1.66907376091678,3.52711448832007,682.75547124224,0,0,0,FALSE,TRUE
PA,2020-02-01,190.579001518288,60.7185389365143,1.73988728690753,3.63590523483379,605.970887836062,0,0,0,FALSE,TRUE
PA,2020-03-01,187.49552233205,64.5990115518324,1.58085597358235,3.57450774281048,370.679611147235,0,0,0,FALSE,TRUE
PA,2020-04-01,187.775344867339,60.3389824050846,1.61739054623893,3.29075567133108,106.799172394753,0,0,0,FALSE,TRUE
PA,2020-05-01,197.787655903643,67.0397255895011,1.69239156151565,4.37594097614829,0,306.1194837953,0,0,FALSE,TRUE
PA,2020-06-01,191.983977770805,61.2100401817678,1.44336807059144,3.38392484183033,0,423.003409981302,0,0,FALSE,TRUE
PA,2020-07-01,194.435748867855,64.7749388669655,1.17985139878552,3.15749630577975,0,555.016172152241,0,0,FALSE,TRUE
PA,2020-08-01,193.039010252242,62.80919992806,1.33765980034148,3.02176686304315,0,426.056940931541,0,0,FALSE,TRUE
PA,2020-09-01,194.508975628158,64.2259978039473,1.08909790466979,2.58937190623842,0,265.529360237204,0,0,FALSE,TRUE
PA,2020-10-01,191.221211185389,60.0171921598881,1.2993101713952,2.78038406134102,0,0,0,0,FALSE,TRUE
PA,2020-11-01,195.563076683091,57.5010210809201,1.13359539951073,2.46963140693387,309.838787926954,0,0,0,FALSE,TRUE
PA,2020-12-01,208.277897902276,63.395479532251,1.24914633212141,3.29354775138098,763.47193245421,0,0,0,FALSE,TRUE
PA,2021-01-01,208.427750986849,64.7499984620013,1.1350511533254,3.17406586173237,636.058164493401,0,0,0,FALSE,TRUE
PA,2021-02-01,210.698049811408,68.986160609607,1.14238176303731,4.32268403735961,581.229838730526,0,0,0,FALSE,TRUE
PA,2021-03-01,210.026962012013,72.2348112713012,1.15721553539443,4.14290885141252,351.57160441798,0,0,0,FALSE,TRUE
PA,2021-04-01,208.448993402591,64.476319379072,0.967074317315412,3.51366441843628,14.452193670186,0,0,0,FALSE,TRUE
PA,2021-05-01,210.697451721361,69.7609361763647,1.01002237993884,3.68913762008536,0,278.625711235202,0,0,FALSE,TRUE
PA,2021-06-01,206.929170923682,68.1743092116417,0.84492061745577,3.14332210808329,0,529.738290001326,0,0,FALSE,TRUE
PA,2021-07-01,216.553207515658,63.0730232238179,0.688816237748134,2.67639938951898,0,504.335514051891,0,0,FALSE,TRUE
PA,2021-08-01,204.730243776536,62.9375584252366,0.744333643322783,2.66809591804941,0,461.670098478443,0,0,FALSE,TRUE
PA,2021-09-01,212.822792065298,66.9579463833497,0.715749647399938,2.78472045376933,0,425.49516544944,0,0,FALSE,TRUE
PA,2021-10-01,203.602236510631,60.3231864985361,0.411765237405437,1.99197883032482,0,1.62903788145354,0,0,FALSE,TRUE
PA,2021-11-01,211.481775995819,65.6516599774318,0.698629358907538,2.46645671092812,289.106432331242,0,0,0,FALSE,TRUE
PA,2021-12-01,218.364366187393,71.1765667407898,0.622304057387821,3.3214766077361,589.353589082503,0,0,0,FALSE,TRUE
PA,2022-01-01,216.371879506695,69.7575627319237,0.426767906065008,3.38471624784741,718.269106041772,0,0,0,FALSE,TRUE
PA,2022-02-01,222.498335817651,71.4449150298211,0.625730268316752,3.44322625167605,588.447287390389,0,0,0,FALSE,TRUE
PA,2022-03-01,227.255319190583,73.8892363649249,0.540882623705531,3.79027857105109,402.70699444405,0,0,0,FALSE,TRUE
PA,2022-04-01,223.348871519587,72.5651589567988,0.551459827682823,3.45465144272407,0,80.4413142891395,0,0,FALSE,TRUE
PA,2022-05-01,228.979782266243,76.504449207574,0.621168731096022,3.70050147276547,0,309.857660301954,0,0,FALSE,TRUE
PA,2022-06-01,226.254891093928,72.6505576229991,0.249961813543202,2.79174252789967,0,405.723312914307,0,0,FALSE,TRUE
PA,2022-07-01,226.128449687527,72.6790899076209,0.21847330723197,3.02110146912739,0,574.580794200986,0,0,FALSE,TRUE
PA,2022-08-01,227.401971559697,73.3404139523769,-0.0507123696413759,2.6009785445014,0,352.518278152672,0,0,FALSE,TRUE
PA,2022-09-01,225.927153074293,68.2589762565047,-0.0181990442875195,2.44931666652669,0,270.436693903704,0,0,FALSE,TRUE
PA,2022-10-01,232.308243709977,70.0413092323959,0.24790683577703,2.67493455396823,0,7.83700283010228,0,0,FALSE,TRUE
PA,2022-11-01,228.547367976369,71.5201408492588,-0.0251045737674709,2.61273553477468,389.049960964135,0,0,0,FALSE,TRUE
PA,2022-12-01,219.954208462813,71.3735480550597,-0.347777167289676,2.01640190776641,580.552847604912,0,0,0,FALSE,TRUE
PA,2023-01-01,246.498147928111,78.7980257706749,-0.234106837793226,3.2471625370056,650.662928363556,0,0,0,FALSE,TRUE
PA,2023-02-01,244.367299740722,76.9738443419892,-0.257293771032217,3.47624907593322,500.956767755779,0,0,0,FALSE,TRUE
PA,2023-03-01,245.950377238888,80.2127668489743,-0.227248713202514,3.8075125231612,503.121791771156,0,0,0,FALSE,TRUE
PA,2023-04-01,246.609102975285,80.8723265536264,-0.287228558280668,3.99442724931077,0,32.2775934583603,0,0,FALSE,TRUE
PA,2023-05-01,242.217875847859,79.4763463715693,-0.227948224217467,2.94275239255707,0,206.475148844475,0,0,FALSE,TRUE
PA,2023-06-01,243.067815610793,79.3273135753788,-0.397123560432322,2.9801371388476,0,432.544032543703,0,0,FALSE,TRUE
PA,2023-07-01,247.978318758888,77.9752471329234,-0.579033199243408,2.90969594957955,0,585.008219880958,0,0,FALSE,TRUE
PA,2023-08-01,247.461581020184,81.7176641101486,-0.478507591510213,2.91801833096315,0,540.515039888522,0,0,FALSE,TRUE
PA,2023-09-01,246.987156545232,79.5555106191915,-0.582779860037169,2.98625397492703,0,253.084847434266,0,0,FALSE,TRUE
PA,2023-10-01,245.287178015024,79.3054948303703,-0.575029099544482,2.97785003789805,43.1400282110101,9.41549225961466,0,0,FALSE,TRUE
PA,2023-11-01,246.59479034608,79.7859919343429,-0.694776368864001,2.60063164456366,414.256055115992,0,0,0,FALSE,TRUE
PA,2023-12-01,254.799671283319,84.3067537718546,-0.673236913278036,3.32447279435619,650.812681334413,0,0,0,FALSE,TRUE
PA,2024-01-01,252.677931027923,79.445544736913,-0.740446895279572,2.47760775063465,579.206854733411,0,0,0,FALSE,TRUE
PA,2024-02-01,266.995619445121,83.6798575239114,-0.661223330174325,3.79172933447433,489.167072192996,0,0,0,FALSE,TRUE
PA,2024-03-01,269.319709882678,85.606897663029,-0.688479544740869,3.92873766252341,380.871122801148,0,0,0,FALSE,TRUE
PA,2024-04-01,262.554267394248,81.5672592647527,-0.758383114004737,3.62483596187264,40.0767018592188,0,0,0,FALSE,TRUE
PA,2024-05-01,266.591103213281,86.7904754748495,-0.765076351271525,3.76968383693093,0,281.327926235126,0,0,FALSE,TRUE
PA,2024-06-01,263.235819789899,85.8129266304333,-0.886433387009762,3.31459850904314,0,422.999191619634,0,0,FALSE,TRUE
PA,2024-07-01,258.759772920594,85.3073329236008,-1.17329453677436,3.17062013082267,0,429.988406584825,0,0,FALSE,TRUE
PA,2024-08-01,263.414334625156,85.9965856383802,-1.37940718082409,2.97075626249037,0,381.644147039934,0,0,FALSE,TRUE
PA,2024-09-01,261.990261367584,81.8774239522607,-1.2511346666904,2.37540398900025,0,316.251494779131,0,0,FALSE,TRUE
PA,2024-10-01,264.100854894276,78.9294589291244,-1.26420975759444,2.37400570339198,13.7684751123611,57.7544789703628,0,0,FALSE,TRUE
PA,2024-11-01,269.09398526542,85.4818535163521,-1.34943928580853,2.4403188815774,242.318870899738,0,0,0,FALSE,TRUE
PA,2024-12-01,273.176293001485,91.11247998371,-1.1958560408803,3.09245213555915,654.539587634432,0,0,0,FALSE,TRUE
PA,2025-01-01,275.459854423413,89.4055321972525,-1.3249722288336,3.21494597818253,612.160758022431,0,0,0,FALSE,TRUE
PA,2025-02-01,283.828690362969,90.4589577882415,-1.30953325913036,3.32978504629501,676.039337568687,0,0,0,FALSE,TRUE
PA,2025-03-01,278.12829833544,90.1446459024585,-1.44761826950037,3.25764286086038,362.978887811165,0,0,0,FALSE,TRUE
PA,2025-04-01,276.204367887042,94.8092138319001,-1.4711435701877,3.57532838333044,0,0,0,0,FALSE,TRUE
PA,2025-05-01,280.317426466282,90.2958095965842,-1.43330786158548,3.0528339557277,0,292.169255125857,0,0,FALSE,TRUE
PA,2025-06-01,278.902204774833,88.0312945242023,-1.69110818654088,2.98815555115775,0,371.136030258816,0,0,FALSE,TRUE
PA,2025-07-01,282.033126287348,88.6532622482331,-1.80991426581941,2.52915216191642,0,494.528980065023,0,0,FALSE,TRUE
PA,2025-08-01,276.348260063894,85.5542614942756,-1.86515646706145,2.38709716388079,0,465.707177965066,0,0,FALSE,TRUE
PA,2025-09-01,281.628894247961,87.2126308247029,-1.94151726912721,2.37444879251777,0,262.469620471584,0,0,FALSE,TRUE
PA,2025-10-01,282.782168486341,88.0696097463559,-1.80051479984417,2.26048878998997,0,28.1667863874667,0,0,FALSE,TRUE
PA,2025-11-01,284.160291559734,91.6531555189492,-1.84450015656248,2.47840679843073,477.051065736114,0,0,0,FALSE,TRUE
PA,2025-12-01,287.43230583206,92.1079927554327,-1.86092293139686,2.54822153723271,642.68234952317,0,0,0,FALSE,TRUE
PA,2026-01-01,292.356803502484,96.933024250849,-1.93223964191266,3.08303304996632,682.617034352418,0,0,0,FALSE,TRUE
PA,2026-02-01,294.781433279985,93.7998682237192,-1.92643573147508,3.1641518137016,577.391917567317,0,0,0,FALSE,TRUE
PA,2026-03-01,302.157669022119,96.3769029329231,-1.93041602169452,3.50223323385192,326.213952257726,0,0,0,FALSE,TRUE
PA,2026-04-01,304.556651228166,101.045190771136,-1.89872235321781,4.25293011586551,10.7152598608365,122.182944068553,0,0,FALSE,TRUE
PA,2026-05-01,300.023767834968,98.2090761698917,-1.97788224764352,3.82037982481825,0,206.412063667781,0,0,FALSE,TRUE
PA,2026-06-01,294.030096262077,96.5703277749957,-2.21388537156107,2.96653677047906,0,377.529190153858,0,0,FALSE,TRUE
RI,2018-01-01,143.168034284807,53.5306575980107,1.06737873683974,2.35931813413584,763.39492301441,0,0,0,TRUE,TRUE
RI,2018-02-01,150.716748588474,53.9091045069653,0.997688993137051,3.3294759313724,559.29588548047,0,0,0,TRUE,TRUE
RI,2018-03-01,150.512886592366,58.5946144758657,1.09771115710524,3.64084572651871,456.889295480967,0,0,0,TRUE,TRUE
RI,2018-04-01,154.181367295468,60.1628489878824,1.04685372570013,3.79582613079683,0,48.7336811475161,0,0,TRUE,TRUE
RI,2018-05-01,148.526415327728,53.9442695993018,0.992737955054731,3.1692670928599,0,144.380153015923,0,0,TRUE,TRUE
RI,2018-06-01,157.382522437062,56.33313445756,1.01341228162682,3.11084174345307,0,477.122040516282,0,0,TRUE,TRUE
RI,2018-07-01,154.296631022862,57.3202310571053,1.06236671103272,2.86255485200416,0,574.012790832938,0,0,TRUE,TRUE
RI,2018-08-01,147.041943958793,52.2861062638764,1.11173865213664,1.8749133072861,0,471.050215344446,0,0,TRUE,TRUE
RI,2018-09-01,146.045279112448,54.6849128281038,0.748474775539366,2.13413330959161,0,380.544641916111,0,0,TRUE,TRUE
RI,2018-10-01,154.685164804156,57.5317218349083,0.870524395305376,2.78946855751365,0,44.3940009259998,0,0,TRUE,TRUE
RI,2018-11-01,161.559758752445,66.4718834476811,0.869193854784196,3.16989913378609,267.589767971151,0,0,0,TRUE,TRUE
RI,2018-12-01,154.873353242077,53.6910593053289,0.96603533316868,1.97363034241281,509.759662842188,0,0,0,TRUE,TRUE
RI,2019-01-01,166.366320449007,60.1008238412384,1.01104787999872,2.59229205145414,693.036472751335,0,0,0,TRUE,TRUE
RI,2019-02-01,166.238540909817,60.5105171853383,0.818533530197009,2.9437934256316,577.404055804699,0,0,0,TRUE,TRUE
RI,2019-03-01,169.906181985079,58.2647953655499,0.745625771773649,3.54953473640886,358.374925381425,0,0,0,TRUE,TRUE
RI,2019-04-01,173.926508569244,64.0960573948457,0.876806844799447,3.83056939501211,0,0,0,0,TRUE,TRUE
RI,2019-05-01,170.1586469771,63.1898289345651,0.906015458238292,3.24093973468694,0,208.38560503865,0,0,TRUE,TRUE
RI,2019-06-01,165.463866640368,59.0941221713569,0.708117748294572,2.59895251069827,0,476.52562659166,0,0,TRUE,TRUE
RI,2019-07-01,174.78384757244,63.9224435396895,0.816599011295349,2.73359381933656,0,454.65618746265,0,0,TRUE,TRUE
RI,2019-08-01,167.812333461679,60.4054024423121,0.694291809756182,2.63864212946169,0,408.034231148702,0,0,TRUE,TRUE
RI,2019-09-01,170.847887680882,54.8215594074274,0.535673258421106,1.7965260602188,0,218.915891031959,0,0,TRUE,TRUE
RI,2019-10-01,165.805116036677,59.9591236931422,0.558399858650299,2.0918063631876,0,0,0,0,TRUE,TRUE
RI,2019-11-01,174.342160042547,59.6067514154659,0.681443940201425,2.34306909890696,326.992836206137,0,0,0,TRUE,TRUE
RI,2019-12-01,176.044911765874,62.0903729662925,0.63507958277499,2.38200299587831,629.578728036881,0,0,0,TRUE,TRUE
RI,2020-01-01,188.109688863346,65.8816259743462,0.503182896443944,3.07057819691828,772.242109009246,0,0,0,TRUE,TRUE
RI,2020-02-01,191.670438005426,73.1241330632933,0.667252727237765,3.40042629555383,575.341376863563,0,0,0,TRUE,TRUE
RI,2020-03-01,190.011781146752,74.6377820841807,0.551348981656897,3.71753269135657,353.280778188729,0,0,0,TRUE,TRUE
RI,2020-04-01,192.4819033924,70.5459831171357,0.721403921818613,3.67048102284972,72.4238201468733,0,0,0,TRUE,TRUE
RI,2020-05-01,184.254223538443,66.4231591647187,0.45529088983885,3.10366921211483,0,229.48514366276,0,0,TRUE,TRUE
RI,2020-06-01,195.21797201694,72.0524566434147,0.53326913426953,3.51202345113126,0,443.603096190625,0,0,TRUE,TRUE
RI,2020-07-01,195.061047594254,69.8841113207898,0.413761304461361,3.38292432392074,0,469.777963738947,0,0,TRUE,TRUE
RI,2020-08-01,196.949386525711,69.988407952095,0.403035551975824,3.13671885114369,0,399.722371029344,0,0,TRUE,TRUE
RI,2020-09-01,185.02884706274,72.4626805985392,0.34993610447774,2.43055616302453,0,306.965523005842,0,0,TRUE,TRUE
RI,2020-10-01,195.773683817385,68.1110540051386,0.425308900674285,2.82864118425817,57.830745496262,97.7124563159006,0,0,TRUE,TRUE
RI,2020-11-01,188.173040248224,67.7303743174934,0.238330589432208,1.9468478647457,435.999576361634,0,0,0,TRUE,TRUE
RI,2020-12-01,199.386521143877,67.3155833267296,0.404158244976077,2.67135549728071,570.235000970341,0,0,0,TRUE,TRUE
RI,2021-01-01,203.005178236973,70.4402295675297,0.136106187480171,2.80259853024249,691.522066902934,0,0,0,TRUE,TRUE
RI,2021-02-01,203.884959107287,75.2546971858401,0.485711408599422,3.18089427640256,547.371248624317,0,0,0,TRUE,TRUE
RI,2021-03-01,205.571896930326,77.0716768019889,0.305402048488211,3.77067352028988,364.024882024071,0,0,0,TRUE,TRUE
RI,2021-04-01,209.5772081904,77.2967098621024,0.324368569229917,3.6580997325423,0,82.786391268302,0,0,TRUE,TRUE
RI,2021-05-01,206.082467103459,71.7263772731723,0.310414361975303,3.19784016214647,0,392.428596243393,0,0,TRUE,TRUE
RI,2021-06-01,206.667358618131,75.166623731253,0.382282027816865,3.20575946059345,0,346.721481385632,0,0,TRUE,TRUE
RI,2021-07-01,210.048119974858,79.5154844096287,0.192250441710743,3.47764151455661,0,546.3657016423,0,0,TRUE,TRUE
RI,2021-08-01,208.119249575604,76.775802899636,0.238248590072552,2.83303301497003,0,339.978018530725,0,0,TRUE,TRUE
RI,2021-09-01,208.529342278625,79.2525391290727,0.185212745992186,2.87735925398889,0,304.263805470299,0,0,TRUE,TRUE
RI,2021-10-01,207.952887810689,76.1877045827377,0.222272695668273,2.89281325479526,0,0,0,0,TRUE,TRUE
RI,2021-11-01,212.356039620002,81.3989881966609,0.147064558597601,3.06144826559904,294.734481292586,0,0,0,TRUE,TRUE
RI,2021-12-01,218.292237480373,73.78468913919,0.101596277453177,2.77234267679722,627.020858950782,0,0,0,TRUE,TRUE
RI,2022-01-01,218.314341819165,80.2145775391831,0.196225490994534,2.88435491983302,673.019808703713,0,0,0,TRUE,TRUE
RI,2022-02-01,218.337016917429,81.3943200491717,0.280162348545868,3.14757017772273,619.848682830683,0,0,0,TRUE,TRUE
RI,2022-03-01,236.95348160789,85.9112158754908,0.254150435731103,4.83287380689822,473.929185105778,0,0,0,TRUE,TRUE
RI,2022-04-01,236.444184924144,86.867192059864,0.1960123118772,4.69577968062327,32.2089897881853,15.1895838299539,0,0,TRUE,TRUE
RI,2022-05-01,223.919990787256,80.362218897563,0.0774766110448294,3.24703629807095,0,309.668792605104,0,0,TRUE,TRUE
RI,2022-06-01,219.324048947236,81.0067542949606,0.0356740457642644,2.76311726869247,0,446.152477660309,0,0,TRUE,TRUE
RI,2022-07-01,227.467583769931,79.0704194238807,0.0512014376703918,2.92749114377499,0,266.808486138113,0,0,TRUE,TRUE
RI,2022-08-01,227.305638978853,78.1652992756093,-0.102671812465453,2.76777523930039,0,422.853176633366,0,0,TRUE,TRUE
RI,2022-09-01,223.268133847341,77.5868366574283,-0.0474974209997739,2.37176763384878,0,265.907517874964,0,0,TRUE,TRUE
RI,2022-10-01,228.721655779903,80.7076109212057,0.131660387456565,2.94574477039234,78.1157150459157,66.3057254081304,0,0,TRUE,TRUE
RI,2022-11-01,229.905398731506,81.697208395917,-0.00547781201188177,2.84240080526671,351.170671354991,0,0,0,TRUE,TRUE
RI,2022-12-01,234.787635728003,81.2718866712946,0.0208283122255038,2.8099425683884,706.277278783041,0,0,0,TRUE,TRUE
RI,2023-01-01,237.54183743033,80.4164653614001,0.016700955682053,2.73505109246766,706.716696365286,0,0,0,TRUE,TRUE
RI,2023-02-01,240.672863354547,86.6401107122805,0.0227685419576583,3.97215010909195,708.588221461051,0,0,0,TRUE,TRUE
RI,2023-03-01,239.812269680721,84.7844449281605,-0.0120078931465127,3.13203044782686,223.157349318487,0,0,0,TRUE,TRUE
RI,2023-04-01,243.702119062976,88.3430011648833,0.00735583517553985,3.66574593423208,95.8541439015776,69.3502867663025,0,0,TRUE,TRUE
RI,2023-05-01,248.652001853786,92.779614692308,-0.121243773106476,3.88456543326429,0,221.058972900193,0,0,TRUE,TRUE
RI,2023-06-01,245.278350912626,91.6057994005069,-0.192028051824593,3.5489485784264,0,352.831326477602,0,0,TRUE,TRUE
RI,2023-07-01,248.267234275722,90.239598426796,-0.221318943675748,3.49598831890188,0,542.442929281462,0,0,TRUE,TRUE
RI,2023-08-01,248.462353726514,87.0375336789284,-0.251699602931927,3.26546344816177,0,488.543687065136,0,0,TRUE,TRUE
RI,2023-09-01,247.648289885133,87.163763808181,-0.318315038591921,2.99176202766367,0,211.455185130417,0,0,TRUE,TRUE
RI,2023-10-01,241.30758607153,84.5104588554856,-0.179382465703714,1.99367627839668,0,0,0,0,TRUE,TRUE
RI,2023-11-01,247.263412729869,81.1255586529708,-0.287964209922732,2.26406817989531,405.252810211649,0,0,0,TRUE,TRUE
RI,2023-12-01,256.589046036524,88.4743195219461,-0.220654136752985,3.38409167599962,620.150732163954,0,0,0,TRUE,TRUE
RI,2024-01-01,257.800175103506,91.1574869159761,-0.446467669765197,3.47062932851194,792.598374161938,0,0,0,TRUE,TRUE
RI,2024-02-01,257.223528429462,95.4833204555574,-0.105634374550018,3.41022945854085,604.740753560701,0,0,0,TRUE,TRUE
RI,2024-03-01,262.841176603811,96.0408583947396,-0.259726235201641,4.05088621387166,352.450038812271,0,0,0,TRUE,TRUE
RI,2024-04-01,264.996815758015,91.4726634525478,-0.234098482093332,3.56815014700365,65.6784697128756,0,0,0,TRUE,TRUE
RI,2024-05-01,263.504357383819,96.5430579425774,-0.378456605915925,3.9884877030755,0,259.300485143418,0,0,TRUE,TRUE
RI,2024-06-01,254.143162595222,88.91600354035,-0.547748651919199,2.43198222118425,0,430.625818421416,0,0,TRUE,TRUE
RI,2024-07-01,256.017323277463,93.8816380604579,-0.383207054194426,2.78378453724026,0,503.779948212647,0,0,TRUE,TRUE
RI,2024-08-01,268.631001610351,98.2054795933115,-0.396819987980207,3.21756287540357,0,503.905511915074,0,0,TRUE,TRUE
RI,2024-09-01,262.870527236142,90.3477155324796,-0.289020417751958,2.60574042599022,0,239.626645409314,0,0,TRUE,TRUE
RI,2024-10-01,263.596513603632,90.4905720058667,-0.521340474940925,2.45844056392607,0,62.0662669992649,0,0,TRUE,TRUE
RI,2024-11-01,266.255978236914,93.1124055700337,-0.447450712223292,2.57523405375609,259.170180658929,0,0,0,TRUE,TRUE
RI,2024-12-01,266.693441252579,94.7806860110977,-0.496686469180532,2.62649883232584,543.330618425844,0,0,0,TRUE,TRUE
RI,2025-01-01,272.788584953673,94.8222752851393,-0.418175143468203,2.94635928395386,765.591081688872,0,0,0,TRUE,TRUE
RI,2025-02-01,278.556806131464,100.244597871474,-0.492151159535065,3.24766294825787,529.148195699569,0,0,0,TRUE,TRUE
RI,2025-03-01,274.552546039038,98.4011368422244,-0.530696474080388,3.09081399753914,367.857048580143,0,0,0,TRUE,TRUE
RI,2025-04-01,279.977696165591,102.035555663861,-0.54322096383171,3.94072518440818,80.6499654927878,8.36945549048189,0,0,TRUE,TRUE
RI,2025-05-01,281.578033392419,99.4128532780665,-0.57510169841615,3.45557729145284,0,279.392163558519,0,0,TRUE,TRUE
RI,2025-06-01,285.255465741961,100.138455326928,-0.493432192192943,3.55866083703738,0,498.994969054714,0,0,TRUE,TRUE
RI,2025-07-01,275.829340182372,95.1454488706596,-0.61111991852722,2.19576549330074,0,504.177120404355,0,0,TRUE,TRUE
RI,2025-08-01,281.991895396425,96.8267791966091,-0.671540450471742,2.61110635844535,0,473.960596492506,0,0,TRUE,TRUE
RI,2025-09-01,281.610917780539,98.6684742849275,-0.764895928295378,2.99989961078628,0,265.536764796458,0,0,TRUE,TRUE
RI,2025-10-01,281.918827235119,94.7844966788527,-0.717348702452102,2.58302304682477,24.2838376609775,23.711651263251,0,0,TRUE,TRUE
RI,2025-11-01,284.361336312465,101.100874577395,-0.68335837010753,3.14616303431524,441.705567948075,0,0,0,TRUE,TRUE
RI,2025-12-01,291.926453705798,99.53401747335,-0.706536909956911,2.93804172149358,697.065806761921,0,0,0,TRUE,TRUE
RI,2026-01-01,293.371069863075,104.127887649127,-0.887003010867483,3.4303405362813,625.244802327324,0,0,0,TRUE,TRUE
RI,2026-02-01,297.719694682099,107.610462203133,-0.574675229222128,3.02558410780125,666.025242461864,0,0,0,TRUE,TRUE
RI,2026-03-01,298.361552158908,107.769071162458,-0.861157479152642,3.37349431842323,321.919074537838,0,0,0,TRUE,TRUE
RI,2026-04-01,295.52330278592,107.321145208272,-0.7716442445252,3.16423373386442,5.61273524998201,0,0,0,TRUE,TRUE
RI,2026-05-01,295.663866896959,102.740417959942,-0.862059308785339,2.96139926422089,0,362.139994646416,0,0,TRUE,TRUE
RI,2026-06-01,297.462445038868,104.346542870072,-0.783239809628104,3.32756248960408,0,332.941105537658,0,0,TRUE,TRUE
TN,2018-01-01,159.952123585707,55.1221496659934,4.04047719172638,3.17048386378979,627.204906340715,0,0,0,FALSE,TRUE
TN,2018-02-01,158.653570339319,55.955887449648,3.91202024071598,2.81991992448931,536.731170048731,0,0,0,FALSE,TRUE
TN,2018-03-01,163.096929433847,60.6060068832783,4.12590125312323,3.66864092309047,334.983984830752,0,0,0,FALSE,TRUE
TN,2018-04-01,166.479260549982,62.9629062527495,3.95891392596584,3.88709960344829,0,33.6223740819475,0,0,FALSE,TRUE
TN,2018-05-01,160.270208629553,59.4119155661699,3.7589582418859,3.18300507283662,0,184.361308544889,0,0,FALSE,TRUE
TN,2018-06-01,166.712381010177,62.5206267888767,3.9244866744884,3.38669923963467,0,500.938801382092,0,0,FALSE,TRUE
TN,2018-07-01,162.601418180681,58.9441799522402,3.60891373004996,3.02271608188067,0,475.503135986595,0,0,FALSE,TRUE
TN,2018-08-01,167.142852838686,60.0788136028194,3.54132500591067,2.9235917412468,0,405.090120150911,0,0,FALSE,TRUE
TN,2018-09-01,157.008307718054,54.3109007584037,3.18158484423531,1.68646892567124,0,219.661293308029,0,0,FALSE,TRUE
TN,2018-10-01,155.322821523708,51.8670866183367,3.14629319439765,1.81797283720506,143.565787712389,0,0,0,FALSE,TRUE
TN,2018-11-01,172.203839884445,64.8009112660107,3.26963557929356,2.6626537854701,305.003308361724,0,0,0,FALSE,TRUE
TN,2018-12-01,178.359112091493,62.6061903133607,3.36621738713817,3.51064225058655,686.097551227738,0,0,0,FALSE,TRUE
TN,2019-01-01,181.309778784963,62.9164501956618,3.37230680839836,3.52990999224655,692.388661514633,0,0,0,FALSE,TRUE
TN,2019-02-01,179.406319743925,69.0198527876819,3.42996902213457,3.42028959549144,621.07185918282,0,0,0,FALSE,TRUE
TN,2019-03-01,188.887217310365,69.2552766475741,3.27306423586828,4.11489269167529,358.49420805811,0,0,0,FALSE,TRUE
TN,2019-04-01,178.868070828578,64.1081613476718,3.11583905699511,3.44751433165306,0,0,0,0,FALSE,TRUE
TN,2019-05-01,188.795039655693,66.823705443829,3.15967529955922,3.54505450833401,0,296.182954870079,0,0,FALSE,TRUE
TN,2019-06-01,184.321956196515,65.4892661851851,2.92968482878713,2.90954793654575,0,439.180125262564,0,0,FALSE,TRUE
TN,2019-07-01,180.498974809262,64.4493957347925,2.80392205538492,2.77064442801487,0,362.026161278935,0,0,FALSE,TRUE
TN,2019-08-01,183.692312090079,65.4269225579202,2.66784411480316,2.7629272294937,0,390.704122180655,0,0,FALSE,TRUE
TN,2019-09-01,180.616725614341,64.5417053786691,2.46251832839489,2.2340653781485,0,280.443744704851,0,0,FALSE,TRUE
TN,2019-10-01,190.905513129792,64.4420048671531,2.63334135946952,2.73157096184262,0,0,0,0,FALSE,TRUE
TN,2019-11-01,187.708911245437,66.4541548795559,2.64447529454611,2.8666077379312,301.428524383229,0,0,0,FALSE,TRUE
TN,2019-12-01,186.936752730315,63.8446302235915,2.33813847865807,2.29636947104147,626.447629893108,0,0,0,FALSE,TRUE
TN,2020-01-01,192.80284622889,67.5768569500144,2.40565104261351,2.9864298194517,791.949642952441,0,0,0,FALSE,TRUE
TN,2020-02-01,191.804813289283,67.3440433699801,2.1249663334594,2.94516322612003,700.926769353889,0,0,0,FALSE,TRUE
TN,2020-03-01,192.381388303423,65.3847243677018,2.38057423014723,2.52351005425007,432.732847875496,0,0,0,FALSE,TRUE
TN,2020-04-01,203.963980511386,73.0908744617158,2.16054439524699,3.50524528108114,72.99472916358,0,0,0,FALSE,TRUE
TN,2020-05-01,201.070675518783,72.3195625020547,2.04012153756664,3.60351088148286,0,194.959996010105,0,0,FALSE,TRUE
TN,2020-06-01,201.068462435211,70.0968059944735,2.24161296895203,3.17865145921895,0,474.054764986604,0,0,FALSE,TRUE
TN,2020-07-01,207.754730508386,73.1972802595229,2.13585232879481,3.43119066698851,0,455.785226094582,0,0,FALSE,TRUE
TN,2020-08-01,200.117101210899,70.0849143378635,2.00124069147205,3.00416719651848,0,458.134785666827,0,0,FALSE,TRUE
TN,2020-09-01,201.685928502743,69.3596004111447,1.59661811372009,2.61246023059158,0,267.247606075467,0,0,FALSE,TRUE
TN,2020-10-01,202.905436265317,70.7342088135723,1.70213792216971,2.63941669725123,0,0,0,0,FALSE,TRUE
TN,2020-11-01,207.34282445736,74.6644659294054,1.62261242318972,2.96029032960393,258.035424148444,0,0,0,FALSE,TRUE
TN,2020-12-01,207.208853083687,69.5652416187885,1.41335147106712,2.36366457857366,655.015130753776,0,0,0,FALSE,TRUE
TN,2021-01-01,211.978132444574,74.5718945160108,1.36279885168494,3.03644999440342,644.011862580041,0,0,0,FALSE,TRUE
TN,2021-02-01,210.528552206166,75.2995876574175,1.52781938519725,3.27264061703887,698.074546824791,0,0,0,FALSE,TRUE
TN,2021-03-01,212.930894652391,78.569959207225,1.48192639879078,3.19099399821825,365.93246131844,0,0,0,FALSE,TRUE
TN,2021-04-01,214.213136042606,78.0209695313174,1.32436522947812,3.5527072919302,0,0,0,0,FALSE,TRUE
TN,2021-05-01,213.716279920874,76.9508580080568,1.08518461613288,2.74351907777278,0,239.67273946885,0,0,FALSE,TRUE
TN,2021-06-01,219.720409577148,78.1973788561821,1.32064131364682,3.22531939634385,0,489.519442864322,0,0,FALSE,TRUE
TN,2021-07-01,222.759390235351,81.4414789991383,1.21997461512827,3.21770970804681,0,442.039300456362,0,0,FALSE,TRUE
TN,2021-08-01,225.117909134384,77.2554624465859,0.864923904064092,2.74032369649884,0,403.996820594851,0,0,FALSE,TRUE
TN,2021-09-01,223.743824303013,77.4096022162089,1.06862960216934,3.25262209004157,0,313.351175336242,0,0,FALSE,TRUE
TN,2021-10-01,224.652847372607,80.9773298281833,0.859880356291925,3.06689991038992,0,0,0,0,FALSE,TRUE
TN,2021-11-01,228.990621168432,81.0837136734096,0.684700023990553,3.09813584725522,349.462695802045,0,0,0,FALSE,TRUE
TN,2021-12-01,227.35136283616,80.5942442644951,0.856906247014386,3.41352639490518,652.639251852282,0,0,0,FALSE,TRUE
TN,2022-01-01,237.260469147882,83.5251076294855,0.578155962156539,3.41757238514315,699.466346240824,0,0,0,FALSE,TRUE
TN,2022-02-01,232.460122880488,82.3166539462615,0.629166136077418,3.38960478110286,616.302796933854,0,0,0,FALSE,TRUE
TN,2022-03-01,241.746929162647,85.7187535285364,0.654263925763042,4.25959383158621,393.967744120978,0,0,0,FALSE,TRUE
TN,2022-04-01,233.443992697878,84.6308143084916,0.378030256460182,3.40137150377428,67.116560234824,0,0,0,FALSE,TRUE
TN,2022-05-01,237.682720962029,86.4113272045658,0.420120815983178,3.38372117312079,0,291.7618462957,0,0,FALSE,TRUE
TN,2022-06-01,237.838659918218,81.8088103620085,0.415558352253919,3.42477934625365,0,462.196727494719,0,0,FALSE,TRUE
TN,2022-07-01,241.979987469396,86.0231973941156,0.288110817124253,3.43467650029783,0,548.228930459548,0,0,FALSE,TRUE
TN,2022-08-01,234.754924808293,79.0861703236639,0.0209516928393667,2.79250808781819,0,314.870984608615,0,0,FALSE,TRUE
TN,2022-09-01,236.53629361816,81.4637628829585,-0.159062106494986,2.12655522968114,0,251.954973834543,0,0,FALSE,TRUE
TN,2022-10-01,238.339397682914,82.8668654378612,-0.00225151352384374,2.58911611034378,79.7926428528967,0,0,0,FALSE,TRUE
TN,2022-11-01,237.027298957068,82.0535329549474,-0.197638989766172,2.31934953688435,298.695851458518,0,0,0,FALSE,TRUE
TN,2022-12-01,246.268451897016,83.8428445912635,-0.0111058779979077,2.91181117639612,679.719263790286,0,0,0,FALSE,TRUE
TN,2023-01-01,249.798494318199,82.408657224429,-0.359819699565332,2.43516586251562,674.866177960075,0,0,0,FALSE,TRUE
TN,2023-02-01,244.696302646769,85.4002940885839,-0.295015751682922,2.98567481139189,590.143171282946,0,0,0,FALSE,TRUE
TN,2023-03-01,255.878665832111,90.5775722228837,-0.257564741406319,3.86098618053747,342.455814665402,0,0,0,FALSE,TRUE
TN,2023-04-01,250.488633695268,90.387950859098,-0.393724336092823,3.23288693265732,57.9105521726369,0,0,0,FALSE,TRUE
TN,2023-05-01,262.13743082764,92.0712141779567,-0.42017427867022,4.00562034159568,0,343.948017721886,0,0,FALSE,TRUE
TN,2023-06-01,258.715676443582,91.6209462130781,-0.464932590042384,3.66734787998204,0,499.89311660342,0,0,FALSE,TRUE
TN,2023-07-01,254.994213313619,92.3551868348048,-0.600896353161746,3.23557212676622,0,522.253332450222,0,0,FALSE,TRUE
TN,2023-08-01,257.546039652916,88.4911076956114,-0.755395815933006,2.55120527480696,0,297.691172465303,0,0,FALSE,TRUE
TN,2023-09-01,258.190060418329,88.7126574597378,-0.83421427110882,2.84337227536529,0,287.794247257017,0,0,FALSE,TRUE
TN,2023-10-01,256.821771784639,86.0675865550105,-0.906115744359005,2.36239055441098,66.0023211360544,0,0,0,FALSE,TRUE
TN,2023-11-01,263.638156876033,89.9656914493594,-1.08546351182914,2.71873665269465,364.456521130032,0,0,0,FALSE,TRUE
TN,2023-12-01,263.614838263892,94.1303830288586,-0.93398172718472,3.04128113503968,747.952787971263,0,0,0,FALSE,TRUE
TN,2024-01-01,266.868511180638,90.6909879025794,-0.917935477831505,3.25676532349616,627.627709312669,0,0,0,FALSE,TRUE
TN,2024-02-01,270.587225990913,97.6594094841434,-0.917358608980004,3.86699963872437,466.794911161927,0,0,0,FALSE,TRUE
TN,2024-03-01,274.751258216518,91.8690787242542,-1.22674403744052,3.36059407252355,487.533684339143,0,0,0,FALSE,TRUE
TN,2024-04-01,259.136962781707,89.3206986911416,-1.23894695866093,2.64306473613049,52.2092347567039,0,0,0,FALSE,TRUE
TN,2024-05-01,278.571358013275,94.4880282327936,-1.19382307617857,3.91499143178101,0,198.850646473096,0,0,FALSE,TRUE
TN,2024-06-01,279.696262044911,98.4483946196495,-1.25464818751664,3.95464480177884,0,513.078566305385,0,0,FALSE,TRUE
TN,2024-07-01,271.323278465544,94.9298656351607,-1.6193005575972,2.60400538945037,0,592.824578178298,0,0,FALSE,TRUE
TN,2024-08-01,276.347144365974,94.533423476163,-1.5100783336699,3.0709328832839,0,424.162229133885,0,0,FALSE,TRUE
TN,2024-09-01,261.290246594019,84.8047314269678,-1.93931750914903,1.45531824554682,0,234.316999986189,0,0,FALSE,TRUE
TN,2024-10-01,270.664003587356,91.6967770652918,-1.73933885906911,2.73846188669957,0,77.83116360644,0,0,FALSE,TRUE
TN,2024-11-01,269.734492372423,93.8091361516368,-1.95787147158603,1.77831489514015,398.645986810561,0,0,0,FALSE,TRUE
TN,2024-12-01,273.096077711129,94.25691285146,-2.07669561331921,2.24632260786373,593.945024050577,0,0,0,FALSE,TRUE
TN,2025-01-01,289.092801609005,97.973882792559,-1.80160022588641,3.40780735809125,756.051447286963,0,0,0,FALSE,TRUE
TN,2025-02-01,288.043708614972,97.9000586574199,-1.79673406482468,3.67069461382711,656.694166597291,0,0,0,FALSE,TRUE
TN,2025-03-01,287.160230865401,102.310081913473,-1.91412369327932,3.19420790620107,446.492333070678,0,0,0,FALSE,TRUE
TN,2025-04-01,291.552938206661,101.33992485033,-1.99228730279172,3.67505809055807,7.37267987571936,0,0,0,FALSE,TRUE
TN,2025-05-01,288.778863834932,98.184978790853,-2.23780546548067,3.28048685219951,0,309.899733775869,0,0,FALSE,TRUE
TN,2025-06-01,292.723479138768,103.782881594318,-2.22012523074841,3.22591661748502,0,431.517108892318,0,0,FALSE,TRUE
TN,2025-07-01,289.708044204468,100.001003927052,-2.5148526146945,2.71421406365698,0,430.406976752531,0,0,FALSE,TRUE
TN,2025-08-01,290.665819092661,99.3478757241005,-2.40001147530187,2.75092908290907,0,603.804646483571,0,0,FALSE,TRUE
TN,2025-09-01,286.510830246139,98.6253279551789,-2.49082178398616,2.31232094952257,0,281.081915807984,0,0,FALSE,TRUE
TN,2025-10-01,296.883994347064,101.919903485528,-2.57480172831548,2.79390140649368,163.618781328098,123.918786457999,0,0,FALSE,TRUE
TN,2025-11-01,286.81285705995,99.2119550052973,-2.79479497806604,2.13420775380593,306.983931166523,0,0,0,FALSE,TRUE
TN,2025-12-01,299.580566264122,102.099690844933,-2.75447133018149,2.45781109622707,619.922529625761,0,0,0,FALSE,TRUE
TN,2026-01-01,306.955495013119,108.073036837917,-2.59566598565244,3.36629168128007,678.848921281415,0,0,0,FALSE,TRUE
TN,2026-02-01,306.30003997391,104.194536474056,-2.61138708726272,3.29735337733643,621.775560446004,0,0,0,FALSE,TRUE
TN,2026-03-01,313.609532463999,108.964721568608,-2.62875690037597,4.21187995461455,422.595750323399,0,0,0,FALSE,TRUE
TN,2026-04-01,307.119922465644,105.426838625713,-2.85400839293583,3.26248228540107,0,0,0,0,FALSE,TRUE
TN,2026-05-01,311.646285342716,109.810247969282,-3.03090384968974,3.58970568259049,0,195.067069213249,0,0,FALSE,TRUE
TN,2026-06-01,306.392296513858,106.089627345119,-3.12739144018988,2.9568130247195,0,470.663968928009,0,0,FALSE,TRUE
VA,2018-01-01,133.824926726343,52.6016449862661,3.0254656168156,2.64865169080074,769.197516676272,0,1,0,FALSE,TRUE
VA,2018-02-01,135.345453863323,52.0938405412442,3.02150875788796,3.09119994540816,591.04591024078,0,1,0,FALSE,TRUE
VA,2018-03-01,137.458549921396,57.1285723347624,3.030668055839,3.16207798283465,327.207287314831,0,1,0,FALSE,TRUE
VA,2018-04-01,141.875013055941,57.1646802679474,2.97738994846929,3.95393018767911,37.3976685090384,58.0002881684194,1,0,FALSE,TRUE
VA,2018-05-01,141.001518842232,55.1136073054974,2.80529122606755,3.16920376112631,0,219.816894842086,1,0,FALSE,TRUE
VA,2018-06-01,143.828768963676,59.9485624517858,3.00241954556329,3.72023340371939,0,421.916525197337,1,0,FALSE,TRUE
VA,2018-07-01,148.433076425913,51.7368584009256,3.00801676544992,3.28805337672001,0,498.658970558788,1,0,FALSE,TRUE
VA,2018-08-01,141.411304896041,52.0586088516563,2.80938416389707,2.78805978519078,0,438.76189028052,1,0,FALSE,TRUE
VA,2018-09-01,136.852105332898,52.6661731664972,2.47027152359037,2.00430780257051,0,258.392305479185,1,0,FALSE,TRUE
VA,2018-10-01,145.443219133869,57.2419272438316,2.44664173158284,2.45301544068572,19.8688447430412,0,1,0,FALSE,TRUE
VA,2018-11-01,153.307661124689,56.9762899352299,2.64529068596277,2.93806270246575,453.887022331887,0,1,0,FALSE,TRUE
VA,2018-12-01,145.221104745219,53.9144364745774,2.44856868662635,2.2191439141564,630.896524491914,0,1,0,FALSE,TRUE
VA,2019-01-01,155.961739703766,59.0475498242238,2.33233846857191,3.22624980314299,611.758394963495,0,1,0,FALSE,TRUE
VA,2019-02-01,155.042808493429,57.8922716633149,2.41791160917747,3.38778403376248,619.158509385691,0,1,0,FALSE,TRUE
VA,2019-03-01,158.697603259301,60.4769678096716,2.53761612486035,3.31817147515372,352.264129171447,0,1,0,FALSE,TRUE
VA,2019-04-01,151.465477192691,58.3381808642229,2.55500276797308,3.04166733914039,0,48.4083044968136,1,0,FALSE,TRUE
VA,2019-05-01,155.774460576791,62.6479212321721,2.32268204562193,3.29127918236392,0,277.38442156649,1,0,FALSE,TRUE
VA,2019-06-01,165.803047176841,62.1895994669851,2.29661711465025,3.71170095245807,0,290.798153022141,1,0,FALSE,TRUE
VA,2019-07-01,157.264045775486,61.7367643182298,1.88502358879694,2.72681127185387,0,439.340850837556,1,0,FALSE,TRUE
VA,2019-08-01,162.660231048162,57.4763322749343,2.09779004332735,2.80530178575443,0,408.881738243762,1,0,FALSE,TRUE
VA,2019-09-01,156.22202203475,58.5511775695779,1.89703167245163,2.42214524224156,0,212.427425648491,1,0,FALSE,TRUE
VA,2019-10-01,156.416238270094,61.3545855823138,1.74584797235212,2.54692126619056,122.221160222645,0,1,0,FALSE,TRUE
VA,2019-11-01,166.986572570134,66.3714430250953,1.89599694075171,3.23875090300632,369.997245888559,0,1,0,FALSE,TRUE
VA,2019-12-01,170.51227809892,66.5828995319667,1.93259064758109,3.15918518224455,571.337466973906,0,1,0,FALSE,TRUE
VA,2020-01-01,174.533291618692,67.5608775301778,1.92400819470736,3.41580610679048,714.568120392247,0,1,0,FALSE,TRUE
VA,2020-02-01,183.250011690298,75.4111740107696,1.99340531837515,4.13800447606511,546.989972162203,0,1,0,FALSE,TRUE
VA,2020-03-01,180.468117656689,70.2773764203683,1.71006433312481,3.6040215499785,352.63249140637,0,1,0,FALSE,TRUE
VA,2020-04-01,177.670353594425,69.6925289555899,1.7607554157079,3.67979196135182,0,0,1,0,FALSE,TRUE
VA,2020-05-01,181.423342387823,65.6630165604397,1.59324326765276,3.22818035893091,0,211.555149168453,1,0,FALSE,TRUE
VA,2020-06-01,182.841304600921,71.8001407898899,1.52695381298256,3.45710283097096,0,371.103909160521,1,0,FALSE,TRUE
VA,2020-07-01,181.730485429129,69.9297485219438,1.56003699352442,3.32098175313867,0,551.386359009929,1,0,FALSE,TRUE
VA,2020-08-01,183.27734520607,67.0403152820603,1.38132921767833,3.0900382224109,0,490.399297060295,1,0,FALSE,TRUE
VA,2020-09-01,181.727694967263,65.9405556721248,1.42630874176446,2.97726140671659,0,204.118083875763,1,0,FALSE,TRUE
VA,2020-10-01,180.354860833935,69.3433467232894,1.20208959382783,2.59199020771669,0,92.716184555174,1,0,FALSE,TRUE
VA,2020-11-01,179.953474808648,65.9025878415498,1.23931361475701,2.55371553554332,455.008155814173,0,1,0,FALSE,TRUE
VA,2020-12-01,183.957939868521,70.133614992256,1.30364412399396,3.10698389028437,512.298270969909,0,1,0,FALSE,TRUE
VA,2021-01-01,197.800131911404,77.150893741019,1.05679361032995,3.23350468711535,684.756295783417,0,1,1,FALSE,TRUE
VA,2021-02-01,201.987728956497,79.5575432471236,1.06808840776195,3.74285744698886,579.113754665333,0,1,1,FALSE,TRUE
VA,2021-03-01,197.773128957157,76.690900446528,0.98182012583736,3.30641479966159,361.065048578739,0,1,1,FALSE,TRUE
VA,2021-04-01,209.247991582986,80.8336843645003,1.13824988711169,4.38806646877303,41.9964826510461,0,1,1,FALSE,TRUE
VA,2021-05-01,197.940143039873,74.463781879811,0.85467554196227,3.087877969667,0,288.002567700687,1,1,FALSE,TRUE
VA,2021-06-01,204.886395959507,77.0565019397033,0.824405642090515,3.47518537261601,0,406.554173640652,1,1,FALSE,TRUE
VA,2021-07-01,200.635752319257,76.8060037845546,0.846672974699189,3.19874877408073,0,620.534020235857,1,1,FALSE,TRUE
VA,2021-08-01,197.55102722891,76.5662285202198,0.822411971216685,2.60175235968605,0,370.485825072567,1,1,FALSE,TRUE
VA,2021-09-01,200.640330126403,72.2952030014751,0.543095514141865,2.24214294943939,0,291.211009753824,1,1,FALSE,TRUE
VA,2021-10-01,197.199975432616,67.1590627825296,0.465880516160767,1.8565380843962,27.2450424742951,0,1,1,FALSE,TRUE
VA,2021-11-01,200.456017778181,72.3980523639661,0.387543456303544,1.9591501991687,412.104821529596,0,1,1,FALSE,TRUE
VA,2021-12-01,207.63796680962,75.9235103735923,0.439319791368077,2.44695853246678,477.593848713913,0,1,1,FALSE,TRUE
VA,2022-01-01,224.353655800247,82.5559792204546,0.559892957522266,3.95625378584045,717.999100280962,0,1,1,FALSE,TRUE
VA,2022-02-01,215.690142507099,83.1122517478613,0.377626869111239,3.25802767878645,676.152327127088,0,1,1,FALSE,TRUE
VA,2022-03-01,217.930542527792,82.9568495686845,0.543302165159044,3.27907014051221,316.858026515374,0,1,1,FALSE,TRUE
VA,2022-04-01,221.102348885259,83.0359164939207,0.596988930873549,3.65067689979958,17.2799682395414,106.924361772462,1,1,FALSE,TRUE
VA,2022-05-01,222.248362295223,85.3302910778772,0.123772890468313,4.07483618159787,0,249.551569799686,1,1,FALSE,TRUE
VA,2022-06-01,220.243679007987,87.1030390422101,-0.0823067233201081,3.44810135725653,0,515.02399651887,1,1,FALSE,TRUE
VA,2022-07-01,227.249246263757,88.7856827981855,0.153005442059959,3.92225516840326,0,567.758972781226,1,1,FALSE,TRUE
VA,2022-08-01,220.355125038993,82.8632266904264,0.247842972146225,3.23206393152773,0,413.446441727777,1,1,FALSE,TRUE
VA,2022-09-01,220.268295059721,79.9728729006529,0.173049297351426,2.83697131484489,0,295.548127742051,1,1,FALSE,TRUE
VA,2022-10-01,219.924683789923,80.6029605480352,0.203085933711131,2.63610882356837,99.813267188087,17.4755424431762,1,1,FALSE,TRUE
VA,2022-11-01,223.833300683895,86.5391196653759,-0.450604419628024,2.80828665249348,279.138882045192,0,1,1,FALSE,TRUE
VA,2022-12-01,221.687746152321,80.4757865193971,-0.252457945955974,2.29284160849002,585.029003820137,0,1,1,FALSE,TRUE
VA,2023-01-01,228.465470229743,87.1906377180978,-0.333811244736594,2.87427949792854,710.795199606017,0,1,1,FALSE,TRUE
VA,2023-02-01,235.231493627792,83.7808589277479,-0.0706687842585663,3.0855134927892,579.704681795947,0,1,1,FALSE,TRUE
VA,2023-03-01,230.547423894858,88.5290774444012,0.00471172526622377,3.53152765580168,298.631704978855,0,1,1,FALSE,TRUE
VA,2023-04-01,227.718237465836,82.3829790392222,-0.259195339327819,3.07285330635459,70.9518742113325,0,1,1,FALSE,TRUE
VA,2023-05-01,236.377875051955,90.3950546847095,-0.295129977288424,3.40884970294231,0,260.786971181629,1,1,FALSE,TRUE
VA,2023-06-01,234.580791186131,85.8735475125576,-0.38749988505209,2.72376548532002,0,452.219997320655,1,1,FALSE,TRUE
VA,2023-07-01,234.19372356824,89.0460242063119,-0.573888031226289,2.62288783559695,0,526.011824646351,1,1,FALSE,TRUE
VA,2023-08-01,236.889719354491,86.7777235302666,-0.488028804226965,2.6724177303969,0,298.030082916177,1,1,FALSE,TRUE
VA,2023-09-01,238.974391575901,87.7914506989446,-0.666430057576159,2.50434047353398,0,318.10855300744,1,1,FALSE,TRUE
VA,2023-10-01,235.645627028663,86.3596923051129,-0.823620634217139,2.29977424988668,15.7121854859843,52.3642255799747,1,1,FALSE,TRUE
VA,2023-11-01,244.216599161478,87.8119074110815,-0.672210689579991,2.95176032351165,371.158163760783,0,1,1,FALSE,TRUE
VA,2023-12-01,227.917114134209,78.9104827639411,-0.939782249107637,1.61662006534789,548.623659556056,0,1,0,FALSE,TRUE
VA,2024-01-01,243.773200611042,88.0937246742229,-0.764349324724338,3.2407678225413,521.11740418737,0,1,0,FALSE,TRUE
VA,2024-02-01,247.531299181424,91.7063461064565,-0.95040566146537,3.39395504771217,633.813716795797,0,1,0,FALSE,TRUE
VA,2024-03-01,254.921918724656,93.062737828502,-0.767026618935461,4.14126054361675,326.209749495473,0,1,0,FALSE,TRUE
VA,2024-04-01,250.143765215405,93.1586644487878,-0.97911207960679,3.97813282721911,78.5999294841611,113.878459294358,1,0,FALSE,TRUE
VA,2024-05-01,248.486187887255,93.0641120385787,-0.900273865806001,3.24749037164412,0,163.262089960884,1,0,FALSE,TRUE
VA,2024-06-01,249.162938309822,93.8819478745454,-1.08999348546763,3.42110171038045,0,527.955080315261,1,0,FALSE,TRUE
VA,2024-07-01,248.019050922744,92.9290561277825,-1.2139710953494,2.66359971295566,0,492.555431043443,1,0,FALSE,TRUE
VA,2024-08-01,240.495080421189,84.7522446715841,-1.06096289333278,2.12186954622937,0,421.937384887218,1,0,FALSE,TRUE
VA,2024-09-01,243.484926627732,86.5989411739051,-1.3223124694384,1.92097246200372,0,203.28873516008,1,0,FALSE,TRUE
VA,2024-10-01,250.459510612367,86.791091255895,-1.38189531402162,2.15851828569901,114.654089227611,0,1,0,FALSE,TRUE
VA,2024-11-01,253.166733872832,91.0263880963799,-1.34175266672367,2.74576536349351,279.823138441245,0,1,0,FALSE,TRUE
VA,2024-12-01,249.238000600769,85.3657874925248,-1.49505843686212,1.88387184076365,595.31585483514,0,1,0,FALSE,TRUE
VA,2025-01-01,255.95817980228,93.5161053949241,-1.57876685918069,2.73299171481213,634.221238398342,0,1,0,FALSE,TRUE
VA,2025-02-01,263.061936393249,96.3972031493705,-1.53038250389542,3.12721122869586,504.819334137621,0,1,0,FALSE,TRUE
VA,2025-03-01,267.931962651677,95.1379428349312,-1.49929576017097,3.59487972648909,324.219141551403,0,1,0,FALSE,TRUE
VA,2025-04-01,270.765720666814,103.482561704891,-1.37468299771608,3.88662521161778,0,0,1,0,FALSE,TRUE
VA,2025-05-01,270.247706282207,102.032179438924,-1.76482947619796,3.89001436666522,0,214.1791623316,1,0,FALSE,TRUE
VA,2025-06-01,264.045483769288,102.367483046021,-1.8415246418397,3.03087158314323,0,498.03276839535,1,0,FALSE,TRUE
VA,2025-07-01,273.503315913218,103.485541507246,-1.7090967832273,3.77013978519261,0,613.025376499835,1,0,FALSE,TRUE
VA,2025-08-01,270.029906239382,101.003211287083,-1.80609612882636,3.01874053545957,0,376.469383796434,1,0,FALSE,TRUE
VA,2025-09-01,271.769627935755,98.5625791058352,-1.891270883981,3.1068565339381,0,196.144724730713,1,0,FALSE,TRUE
VA,2025-10-01,267.2038719407,98.2605723815879,-2.13091595071599,2.66787250339475,0,0,1,0,FALSE,TRUE
VA,2025-11-01,269.419928568345,97.3949751882292,-2.09372780069233,2.42471879184218,351.766694224038,0,1,0,FALSE,TRUE
VA,2025-12-01,273.34558234755,94.6061158954117,-2.12283361007661,2.46725409017516,622.78030831648,0,1,0,FALSE,TRUE
VA,2026-01-01,278.480785179342,102.862083291446,-2.19836771421605,2.93783843864812,716.861652198089,0,1,0,FALSE,TRUE
VA,2026-02-01,293.12142490779,107.855430005826,-1.90165797149521,4.20028588114677,540.468818482186,0,1,0,FALSE,TRUE
VA,2026-03-01,284.221917430584,104.559834032664,-2.11173111512829,3.67017553621278,357.501058021432,0,1,0,FALSE,TRUE
VA,2026-04-01,290.488688533027,106.864345055144,-2.05736693870287,4.05537979479702,0,0,1,0,FALSE,TRUE
VA,2026-05-01,285.704767591647,99.8539530882078,-2.25168213282974,3.37400049748798,0,292.299287326823,1,0,FALSE,TRUE
VA,2026-06-01,281.214317084553,99.5397198839257,-2.3638826711333,2.73282052936085,0,492.590679655037,1,0,FALSE,TRUE
VT,2018-01-01,121.763815291454,56.7239595211875,2.94109697659947,2.72776042969652,692.658028549288,0,0,0,TRUE,TRUE
VT,2018-02-01,133.429194336398,63.8588804608684,3.16255978988927,3.04884477458049,660.338645126974,0,0,0,TRUE,TRUE
VT,2018-03-01,136.498520168141,64.3985274442413,3.26951233703511,3.78321498560668,381.582178423813,0,0,0,TRUE,TRUE
VT,2018-04-01,135.051137375888,68.3226565861,3.18536553247808,3.87014204125869,0,88.4417793052117,0,0,TRUE,TRUE
VT,2018-05-01,134.114970566502,65.350985403161,2.983625653087,3.46415286971892,0,304.126000757476,0,0,TRUE,TRUE
VT,2018-06-01,126.557082258071,61.5073027820058,2.8930609642619,2.78820028732134,0,430.29734912275,0,0,TRUE,TRUE
VT,2018-07-01,135.538664653459,62.0893705105156,2.91246219700699,3.31321770303638,0,510.426507236862,0,0,TRUE,TRUE
VT,2018-08-01,133.673886207733,65.2747585234475,2.80634720334779,2.93723445483584,0,354.6585563186,0,0,TRUE,TRUE
VT,2018-09-01,133.569436970423,61.3464229219762,2.75883080190837,2.77511134529652,0,276.2237900996,0,0,TRUE,TRUE
VT,2018-10-01,134.921033132471,58.845424112,2.50133773987194,2.10766590733018,0,2.49431075146952,0,0,TRUE,TRUE
VT,2018-11-01,137.853891026032,62.1219727105538,2.55047724284587,2.64259171680296,441.51415031522,0,0,0,TRUE,TRUE
VT,2018-12-01,141.795268141345,63.3779196791034,2.50156496552959,2.41417060658184,656.974200395076,0,0,0,TRUE,TRUE
VT,2019-01-01,149.604676844058,67.8925481865198,2.56887136839666,3.06827065295466,577.01287110744,0,0,0,TRUE,TRUE
VT,2019-02-01,150.417273369205,72.194894380275,2.35858015669077,3.16065171665147,583.394081177142,0,0,0,TRUE,TRUE
VT,2019-03-01,155.841034685546,71.4995277632649,2.46832937243859,4.06869346477765,282.921488791783,0,0,0,TRUE,TRUE
VT,2019-04-01,148.363125760231,69.4864276998195,2.41375839307985,3.55434727383966,11.7766844773513,23.7530776108016,0,0,TRUE,TRUE
VT,2019-05-01,154.454774529398,71.8386647035758,2.53369965143785,4.09289297249588,0,174.106632516051,0,0,TRUE,TRUE
VT,2019-06-01,151.668517222959,68.6294977851523,2.22872104975137,3.09276754836947,0,445.852064177168,0,0,TRUE,TRUE
VT,2019-07-01,148.927918725301,66.5016948778302,2.02180851366924,2.18370490443758,0,548.141447798966,0,0,TRUE,TRUE
VT,2019-08-01,151.488498843958,68.832365038903,2.14487453609063,2.76324645489784,0,437.611431913996,0,0,TRUE,TRUE
VT,2019-09-01,146.784298454628,65.7258808093244,1.7435545401759,1.92726140298903,0,185.659243441593,0,0,TRUE,TRUE
VT,2019-10-01,150.641220933736,69.074316261348,1.90986508131299,2.26284566253544,48.6364384264804,11.012327814052,0,0,TRUE,TRUE
VT,2019-11-01,157.228934715648,71.2392612355827,1.94305250442955,3.06894544031155,229.278560474191,0,0,0,TRUE,TRUE
VT,2019-12-01,151.572590862373,64.1226971982181,1.84070940696213,2.11751501062549,582.601460677061,0,0,0,TRUE,TRUE
VT,2020-01-01,170.791455609911,77.1864313301469,1.98064591364231,3.79648953256865,591.091503904115,0,0,0,TRUE,TRUE
VT,2020-02-01,171.087178040402,78.4529131296167,1.87996833995055,3.88262001409363,652.451779642099,0,0,0,TRUE,TRUE
VT,2020-03-01,174.069665362163,75.9486714377851,2.00736456352839,3.7948313465535,328.745186652671,0,0,0,TRUE,TRUE
VT,2020-04-01,162.912550853442,73.8179576613774,1.72709923831216,3.09585829003929,7.65027046253578,0,0,0,TRUE,TRUE
VT,2020-05-01,172.894491161618,76.2902524819022,1.47983079085996,3.56736613901396,0,203.345477413705,0,0,TRUE,TRUE
VT,2020-06-01,171.162930316139,78.7662332342888,1.54025473240549,3.58964107486562,0,421.794858599901,0,0,TRUE,TRUE
VT,2020-07-01,174.626632737181,77.5278185765366,1.61352626167225,3.25167713682303,0,498.006726883038,0,0,TRUE,TRUE
VT,2020-08-01,174.608057919704,72.8584851779544,1.46428533875384,2.75530147833401,0,550.19952584642,0,0,TRUE,TRUE
VT,2020-09-01,169.657944457763,73.5509071975926,1.37476132653029,2.36824064957161,0,192.960623982613,0,0,TRUE,TRUE
VT,2020-10-01,180.581245657197,73.2663601968052,1.1270849452095,2.53767344572806,0,1.66412370149455,0,0,TRUE,TRUE
VT,2020-11-01,173.552360180916,77.2874941727099,1.04685900933974,2.45069099273124,407.488240277629,0,0,0,TRUE,TRUE
VT,2020-12-01,172.544414681287,74.8568405552048,1.2481288680132,2.07379080795974,625.289414504661,0,0,0,TRUE,TRUE
VT,2021-01-01,184.691361697052,78.5161436043573,1.11353783992158,2.97231433459261,640.310969367457,0,0,0,TRUE,TRUE
VT,2021-02-01,188.116671180415,81.3511407932071,1.16764797579803,3.37023579979789,584.348241604057,0,0,0,TRUE,TRUE
VT,2021-03-01,187.514355210042,82.4218200743535,1.17034038343463,3.62578954219451,296.89448018635,0,0,0,TRUE,TRUE
VT,2021-04-01,177.344167412103,80.8773137154736,0.896105902216082,3.08650288315654,6.09483440614061,12.7249460170235,0,0,TRUE,TRUE
VT,2021-05-01,193.462073936349,82.3660216936754,1.04906928429393,3.76017698808542,0,203.544218080904,0,0,TRUE,TRUE
VT,2021-06-01,199.229786747275,84.802688747901,0.983860230811559,3.93517319383344,0,515.46096266998,0,0,TRUE,TRUE
VT,2021-07-01,185.782564708445,79.9142434359489,0.814048113987601,2.81535072819181,0,460.16869751897,0,0,TRUE,TRUE
VT,2021-08-01,190.328105257432,84.0520891932658,0.978816826742732,2.93662619597685,0,464.45078394303,0,0,TRUE,TRUE
VT,2021-09-01,186.58135697011,77.4677935045465,0.582013574522389,2.09849780905501,0,378.206962332798,0,0,TRUE,TRUE
VT,2021-10-01,183.321438639238,78.8473954611151,0.647485883536398,2.2845134754291,0,0,0,0,TRUE,TRUE
VT,2021-11-01,199.723216573585,85.9342576291584,0.806256185715964,3.24139668183226,376.170059849084,0,0,0,TRUE,TRUE
VT,2021-12-01,202.629275654013,83.0176667971919,0.64382912191535,3.41277755864375,561.519714851081,0,0,0,TRUE,TRUE
VT,2022-01-01,200.87327563521,88.815072474367,0.621293169402267,3.34023442452104,710.74099973182,0,0,0,TRUE,TRUE
VT,2022-02-01,195.793264429722,86.4954348942299,0.509882397392757,2.94671639869339,658.895475768462,0,0,0,TRUE,TRUE
VT,2022-03-01,205.610666546805,91.8201368309439,0.558545360291855,3.60817646444422,345.458346067032,0,0,0,TRUE,TRUE
VT,2022-04-01,207.11592891729,90.1188420975873,0.280043214369986,3.55579688956474,0.866043772209626,0,0,0,TRUE,TRUE
VT,2022-05-01,205.263453948648,88.34889694589,0.509274324223594,3.60874697954757,0,309.686160628799,0,0,TRUE,TRUE
VT,2022-06-01,206.802446904251,82.8083487606306,0.248828682578063,2.50535576353957,0,463.990114780798,0,0,TRUE,TRUE
VT,2022-07-01,211.700973238276,83.5833165531841,0.222656701832049,2.96827142449072,0,484.189738775627,0,0,TRUE,TRUE
VT,2022-08-01,202.067228508685,86.4806291036661,0.102830549983365,2.82228102117994,0,452.338408115602,0,0,TRUE,TRUE
VT,2022-09-01,201.375859424368,85.2560177335787,-0.0231966585469866,2.43782954978154,0,263.798078125514,0,0,TRUE,TRUE
VT,2022-10-01,201.414206731008,82.1482704830041,-0.167252832268237,2.25508528450243,0,0,0,0,TRUE,TRUE
VT,2022-11-01,204.868542369944,83.4350626690038,-0.151862051717849,2.03048703454009,401.086951418199,0,0,0,TRUE,TRUE
VT,2022-12-01,212.008538932282,87.9245736503665,-0.227709173475677,2.37422240030027,648.476214035336,0,0,0,TRUE,TRUE
VT,2023-01-01,213.767058126101,91.8406365498006,-0.092771671682852,2.97390868492806,613.158626705274,0,0,0,TRUE,TRUE
VT,2023-02-01,221.819414290517,88.9359108528914,-0.186434972342402,3.32499440573787,581.935980462814,0,0,0,TRUE,TRUE
VT,2023-03-01,221.757897645229,93.9037557907944,-0.0214642148549312,3.82500157758918,296.309010131318,0,0,0,TRUE,TRUE
VT,2023-04-01,220.160040069164,88.4919581631664,-0.328173043110403,2.78469121766861,38.3659675541014,0,0,0,TRUE,TRUE
VT,2023-05-01,229.026059001957,95.0351308146751,-0.0653668656800649,3.75516821766662,0,193.263854346389,0,0,TRUE,TRUE
VT,2023-06-01,231.940134792436,95.9420404662055,-0.418078580580074,3.30585732760315,0,396.948178088457,0,0,TRUE,TRUE
VT,2023-07-01,221.796928890318,90.7672401429393,-0.590428521541215,2.78496283305551,0,489.868887751366,0,0,TRUE,TRUE
VT,2023-08-01,235.087481372596,97.5648950397642,-0.457933505656104,3.69626131677861,0,367.055312589788,0,0,TRUE,TRUE
VT,2023-09-01,222.328238233355,91.8891167797507,-0.787572039201977,2.578258219345,0,118.443845245336,0,0,TRUE,TRUE
VT,2023-10-01,228.810815742727,89.6779806761591,-0.801637235330738,2.67408212219565,34.0867227244286,43.463795769655,0,0,TRUE,TRUE
VT,2023-11-01,223.5824986343,90.5652614300086,-0.762913990391139,2.2261826192144,346.778599674873,0,0,0,TRUE,TRUE
VT,2023-12-01,226.000665678186,94.0072063373679,-0.912862481515772,2.63409671892248,618.961981501205,0,0,0,TRUE,TRUE
VT,2024-01-01,237.900650547183,98.7797201422989,-0.731123620482749,3.32452245495764,712.168662911214,0,0,0,TRUE,TRUE
VT,2024-02-01,235.438607681863,103.554988196464,-0.691312384306636,3.69116259146513,554.576262288449,0,0,0,TRUE,TRUE
VT,2024-03-01,244.616839204014,100.116531345027,-0.907963261284656,3.69433253291457,359.020140071416,0,0,0,TRUE,TRUE
VT,2024-04-01,239.01253130885,102.763084809848,-0.922949204033051,3.1991171887065,0,0,0,0,TRUE,TRUE
VT,2024-05-01,242.220642407149,100.225608664194,-0.921590097590106,3.57844394212215,0,291.391769241038,0,0,TRUE,TRUE
VT,2024-06-01,243.092353328427,98.9700942791189,-1.12164120826868,2.99479807337313,0,407.088290767773,0,0,TRUE,TRUE
VT,2024-07-01,245.419180262692,96.1147620959753,-1.06715314650093,2.89978179629972,0,491.714117864003,0,0,TRUE,TRUE
VT,2024-08-01,247.21903764721,99.3243663769339,-1.1668012023273,2.835525917379,0,470.043436085022,0,0,TRUE,TRUE
VT,2024-09-01,245.960684164003,97.4593808953531,-1.17144551970887,2.76274066479404,0,271.147946203308,0,0,TRUE,TRUE
VT,2024-10-01,238.92717365552,94.9027107202545,-1.26419371438211,2.16652370206609,0,0,0,0,TRUE,TRUE
VT,2024-11-01,249.275260355688,99.1174038473531,-1.47180770440793,2.59227771935113,458.818525828767,0,0,0,TRUE,TRUE
VT,2024-12-01,248.271383245012,94.9438697362777,-1.4250236369395,2.66947416686747,576.440821006811,0,0,0,TRUE,TRUE
VT,2025-01-01,253.771385115417,100.849599490764,-1.30274811538356,2.9947397630776,782.853444371868,0,0,0,TRUE,TRUE
VT,2025-02-01,254.512337828624,103.539220536039,-1.56435743836361,2.94769112764247,619.931136292493,0,0,0,TRUE,TRUE
VT,2025-03-01,261.842738120159,108.634795115561,-1.33596640795786,3.87477853754318,262.657996565779,0,0,0,TRUE,TRUE
VT,2025-04-01,255.584186122452,107.543273113717,-1.59578068861855,3.41268335103892,70.3997636203074,0,0,0,TRUE,TRUE
VT,2025-05-01,259.367187827972,106.500762055479,-1.59139227104421,3.56295149711161,0,115.491318670779,0,0,TRUE,TRUE
VT,2025-06-01,261.370442207863,100.977956557402,-1.71698215779622,2.76195614503847,0,496.937286949913,0,0,TRUE,TRUE
VT,2025-07-01,262.548071067303,106.487429795656,-1.70631760756677,3.21141371584551,0,454.573875621669,0,0,TRUE,TRUE
VT,2025-08-01,263.687888691223,104.372938788334,-1.79456206850097,2.9030400455162,0,462.596794230019,0,0,TRUE,TRUE
VT,2025-09-01,260.062383652067,109.147631249117,-1.95722385584547,2.72586702390899,0,267.805728886769,0,0,TRUE,TRUE
VT,2025-10-01,256.977484651959,100.512722542393,-2.07403660692526,2.24038622182486,0,0,0,0,TRUE,TRUE
VT,2025-11-01,259.915387811727,103.128262316772,-2.11248371445353,1.87845021087143,394.289177375819,0,0,0,TRUE,TRUE
VT,2025-12-01,264.021373370597,107.438275061686,-2.20856799253165,2.55082975559658,613.124553325784,0,0,0,TRUE,TRUE
VT,2026-01-01,274.75373214357,109.21432757433,-2.26947505641058,2.96859824362866,715.828958515943,0,0,0,TRUE,TRUE
VT,2026-02-01,276.475955167279,108.956254081017,-2.08119333503562,3.27275529512065,520.115047043719,0,0,0,TRUE,TRUE
VT,2026-03-01,273.596885704152,107.897759761592,-2.19162064208065,3.26234581688978,323.397385305337,0,0,0,TRUE,TRUE
VT,2026-04-01,281.771065051428,112.173102156044,-2.31433878974762,3.59456408391075,0,110.760979887436,0,0,TRUE,TRUE
VT,2026-05-01,277.815106945452,111.030396945375,-2.35574038790474,3.36833979516047,0,226.399926868796,0,0,TRUE,TRUE
VT,2026-06-01,278.470662162179,109.148179547308,-2.33054322346441,3.05741927953231,0,468.415088126832,0,0,TRUE,TRUE
WV,2018-01-01,118.367328141625,48.9710271359051,4.55594424090841,2.72077138442623,577.987102898382,0,0,0,FALSE,TRUE
WV,2018-02-01,127.588119111365,54.2206868866986,4.52686441685829,3.55146617192495,588.26349425033,0,0,0,FALSE,TRUE
WV,2018-03-01,129.899551801632,55.4321069588886,4.4607347771335,3.76249026681011,395.003717392797,0,0,0,FALSE,TRUE
WV,2018-04-01,126.850692872122,57.1745787803432,4.6017450241962,3.84755132994297,4.18211346840292,0,0,0,FALSE,TRUE
WV,2018-05-01,135.922993791039,60.4131249508476,4.35560483870236,3.96782095660668,0,285.88939669315,0,0,FALSE,TRUE
WV,2018-06-01,138.904538618976,62.1832315188211,4.4069907460976,3.75540937943638,0,342.44980040064,0,0,FALSE,TRUE
WV,2018-07-01,131.281180237229,53.2065205276644,3.96980453455426,2.7280483091443,0,495.686114408648,0,0,FALSE,TRUE
WV,2018-08-01,130.281306636842,49.6366241093367,4.12275688098548,2.49189113821891,0,409.946682724109,0,0,FALSE,TRUE
WV,2018-09-01,132.995267195178,54.8901949082265,3.98545839901331,2.78715388202912,0,254.501259249344,0,0,FALSE,TRUE
WV,2018-10-01,136.351261064073,55.1275537665978,3.71193439968098,2.60655664331858,0,38.7356986535966,0,0,FALSE,TRUE
WV,2018-11-01,131.273204838185,57.6471066434717,3.738146672888,2.81396140302412,419.278246608614,0,0,0,FALSE,TRUE
WV,2018-12-01,133.722016308316,53.6531146060803,3.67420027253139,2.45187675085838,669.132172744114,0,0,0,FALSE,TRUE
WV,2019-01-01,141.120458771583,54.47309921804,3.67525303037039,2.58034399443492,741.399798596261,0,0,0,FALSE,TRUE
WV,2019-02-01,142.938051790088,60.8580329675404,3.43113766262692,2.87581767917206,690.765784184197,0,0,0,FALSE,TRUE
WV,2019-03-01,151.598255742799,62.0269668384203,3.64120381207061,3.68940981104473,346.241405842315,0,0,0,FALSE,TRUE
WV,2019-04-01,159.064906771162,68.1153709824052,3.72154738257912,4.74076257966186,25.3334855007136,0,0,0,FALSE,TRUE
WV,2019-05-01,138.398684753005,60.5542717807733,3.20259649876367,2.8908181161872,0,231.783483109476,0,0,FALSE,TRUE
WV,2019-06-01,148.997796788762,67.3993162560376,3.21181344027629,3.39092759344262,0,352.773811023885,0,0,FALSE,TRUE
WV,2019-07-01,152.345577098575,65.4213661505447,3.2070445552407,3.28664129011222,0,445.706260201557,0,0,FALSE,TRUE
WV,2019-08-01,155.097082693875,65.1888543057487,3.01833125035891,3.14543584677011,0,421.778876840282,0,0,FALSE,TRUE
WV,2019-09-01,145.72988621301,59.73175641824,2.9905563906719,2.32208426553762,0,212.780343755882,0,0,FALSE,TRUE
WV,2019-10-01,147.061017764729,56.0408780407501,2.54941761688742,1.96540309566627,17.6707549206966,0,0,0,FALSE,TRUE
WV,2019-11-01,150.073331937639,57.9072419790853,2.65738289571603,2.33864115717558,379.974209727747,0,0,0,FALSE,TRUE
WV,2019-12-01,158.727655692633,62.3393418005369,2.60383572992696,3.08708217954372,545.866752877148,0,0,0,FALSE,TRUE
WV,2020-01-01,162.386337457702,64.4868471237912,2.58546652350938,3.35266169961957,672.714475425164,0,0,0,FALSE,TRUE
WV,2020-02-01,165.456347561582,65.4084753174497,2.64281782541951,3.40152989790487,629.252995602805,0,0,0,FALSE,TRUE
WV,2020-03-01,166.750457629938,67.6872986830658,2.77883576446606,3.67778271424178,320.360422834706,0,0,0,FALSE,TRUE
WV,2020-04-01,171.860527736185,69.0676011893189,2.643446041401,3.73728628593725,0,70.4092311869045,0,0,FALSE,TRUE
WV,2020-05-01,172.211038145801,70.5895242138475,2.40408854456646,3.83220301304581,0,270.574072828383,0,0,FALSE,TRUE
WV,2020-06-01,165.388884736,64.6424482327693,2.25449578531515,2.84096045709868,0,432.393818093703,0,0,FALSE,TRUE
WV,2020-07-01,167.935651170528,69.3064672985214,2.38422617143706,3.08926865997053,0,486.180754314948,0,0,FALSE,TRUE
WV,2020-08-01,166.168814167976,68.4363396070926,2.06144922115657,3.06743166353984,0,336.037439270289,0,0,FALSE,TRUE
WV,2020-09-01,171.473872297638,67.0472019967485,2.07356505908796,2.81088623980649,0,329.934931800071,0,0,FALSE,TRUE
WV,2020-10-01,164.471447807275,63.0572909008409,1.67656557359795,2.40781450443127,36.1745610698371,39.0602639926595,0,0,FALSE,TRUE
WV,2020-11-01,164.054985791092,63.3192284193625,1.70020107570014,1.92241389753404,415.90554703886,0,0,0,FALSE,TRUE
WV,2020-12-01,168.465890858052,65.117258612214,1.5018584930576,2.22698238798914,551.31971754743,0,0,0,FALSE,TRUE
WV,2021-01-01,174.742987902927,71.6931024983714,1.66132731454277,2.78926148333924,600.94785096622,0,0,0,FALSE,TRUE
WV,2021-02-01,191.735960960066,74.6643448061239,1.81811894527919,4.23655059079289,696.75397942752,0,0,0,FALSE,TRUE
WV,2021-03-01,187.916805592745,71.6923451625612,1.53248816239848,3.41647035252926,375.33823612623,0,0,0,FALSE,TRUE
WV,2021-04-01,179.557274432813,78.2069986403301,1.73437078758128,3.44901652491009,3.18389846909175,2.86562149607622,0,0,FALSE,TRUE
WV,2021-05-01,191.595939342804,79.6708667650592,1.47854144762942,4.13376366734729,0,228.609062566691,0,0,FALSE,TRUE
WV,2021-06-01,179.526384642479,75.3434465300508,1.46393955206154,3.14530623958259,0,448.474778031829,0,0,FALSE,TRUE
WV,2021-07-01,184.498424643954,74.0737645037165,1.2373742900845,2.87636453099351,0,496.042774048836,0,0,FALSE,TRUE
WV,2021-08-01,189.983812169088,69.6152442886726,1.0877075224967,2.68175531931533,0,406.418815080381,0,0,FALSE,TRUE
WV,2021-09-01,185.341942800819,69.6018890464048,1.05841053972176,2.39997742257194,0,240.556666207973,0,0,FALSE,TRUE
WV,2021-10-01,188.959305382649,77.0216686926334,0.974664747250083,2.62735260041519,6.59639680087324,0,0,0,FALSE,TRUE
WV,2021-11-01,182.6881599565,73.3114420827817,0.725713456444912,2.10689355129701,301.324433884457,0,0,0,FALSE,TRUE
WV,2021-12-01,193.384605764764,76.0791428302859,0.639179836077273,2.65905997509148,620.831617810062,0,0,0,FALSE,TRUE
WV,2022-01-01,198.621872800195,77.5140765950302,0.72114430520979,3.04637766480971,725.544549327858,0,0,0,FALSE,TRUE
WV,2022-02-01,202.741276372806,82.7127615078792,0.968295994830586,3.78606265379041,660.906456940727,0,0,0,FALSE,TRUE
WV,2022-03-01,203.427332034366,80.9289355888979,0.58556174370316,3.59209993438663,466.649995290245,0,0,0,FALSE,TRUE
WV,2022-04-01,199.013322187631,78.2296001578535,0.638231526975151,3.32114449751511,0,44.9057557796262,0,0,FALSE,TRUE
WV,2022-05-01,209.051679839535,83.8071605761686,0.63096438108023,3.61777117765539,0,188.160900188651,0,0,FALSE,TRUE
WV,2022-06-01,201.4847263443,82.05162211735,0.35538183149497,3.01870052830999,0,419.662019746176,0,0,FALSE,TRUE
WV,2022-07-01,204.80926409099,81.1209276675017,0.370451093471355,3.35244407566493,0,577.881903527769,0,0,FALSE,TRUE
WV,2022-08-01,210.771838300572,81.9281829923332,0.285887411619887,3.13837340904336,0,359.490895226663,0,0,FALSE,TRUE
WV,2022-09-01,201.773315655114,78.5231042455843,0.0374357164988006,2.41367252800086,0,298.760133295707,0,0,FALSE,TRUE
WV,2022-10-01,203.395141018423,80.3510609465861,-0.00141795826263889,2.77496036369117,0,78.9734126354396,0,0,FALSE,TRUE
WV,2022-11-01,204.011391273233,79.2578993461996,-0.0276168007195367,2.39089209023476,379.877411322721,0,0,0,FALSE,TRUE
WV,2022-12-01,207.777771449308,78.9015620930051,-0.24937194143273,2.60777870524943,566.596530226467,0,0,0,FALSE,TRUE
WV,2023-01-01,208.583469293017,78.454894703262,-0.272153533877278,2.41503430674135,845.166841933329,0,0,0,FALSE,TRUE
WV,2023-02-01,218.301554129381,83.4567323405437,-0.399708543350785,3.00054107792539,536.975304531077,0,0,0,FALSE,TRUE
WV,2023-03-01,219.727570406165,88.269975592659,-0.200229363685942,3.78009916746767,420.373077637249,0,0,0,FALSE,TRUE
WV,2023-04-01,230.247905804463,89.3168036186735,-0.166115089186964,4.1415581695553,0,3.44584477397829,0,0,FALSE,TRUE
WV,2023-05-01,228.725962009801,89.414074099934,-0.330334775083223,4.19491866417584,0,167.959557920604,0,0,FALSE,TRUE
WV,2023-06-01,227.123575699788,85.7205255350245,-0.391443265808349,3.56374602416187,0,537.065632455301,0,0,FALSE,TRUE
WV,2023-07-01,213.661971025963,81.9482246766539,-0.968879799245566,2.08577944203345,0,469.989510268234,0,0,FALSE,TRUE
WV,2023-08-01,223.217913185886,83.846383796285,-0.818952127761093,2.67039556733601,0,259.852047801362,0,0,FALSE,TRUE
WV,2023-09-01,231.045083691,88.1771454574527,-0.830569870265157,3.3591958654475,0,154.826346416811,0,0,FALSE,TRUE
WV,2023-10-01,219.543616534655,84.0136267128236,-1.03099918522162,2.19764374898556,0,0,0,0,FALSE,TRUE
WV,2023-11-01,223.428289261279,87.4424378482375,-1.12065402932566,2.36169970263513,288.960721525438,0,0,0,FALSE,TRUE
WV,2023-12-01,231.202475461297,84.1300282120372,-1.28041873987031,2.53781600061559,632.943010255346,0,0,0,FALSE,TRUE
WV,2024-01-01,232.675691950547,86.7942169964572,-1.08610279279294,3.34182847607151,707.01874218684,0,0,0,FALSE,TRUE
WV,2024-02-01,234.33000765269,84.6243838449343,-1.07287048009337,2.85930028305801,526.342329408671,0,0,0,FALSE,TRUE
WV,2024-03-01,240.936585856566,94.6028163734937,-1.15058822242152,4.10703901673063,333.751711660812,0,0,0,FALSE,TRUE
WV,2024-04-01,235.386644430716,90.226639582283,-1.31407251140641,3.35873510359683,0,0,0,0,FALSE,TRUE
WV,2024-05-01,237.836014136384,90.2060946783772,-1.35162014846075,3.13202738052994,0,243.496826185919,0,0,FALSE,TRUE
WV,2024-06-01,235.029171428985,93.5758886626171,-1.61624237752157,2.7374017733376,0,479.433808372878,0,0,FALSE,TRUE
WV,2024-07-01,242.441082787122,90.8689605253295,-1.68322438268082,3.13439319770508,0,533.137829258292,0,0,FALSE,TRUE
WV,2024-08-01,239.237173530773,87.2141140119288,-1.76965823891228,2.71327826334218,0,463.220378082805,0,0,FALSE,TRUE
WV,2024-09-01,246.511008836901,91.6792595103132,-1.78285787231743,3.14989107683192,0,257.260219398939,0,0,FALSE,TRUE
WV,2024-10-01,235.847480611164,81.9242279285811,-2.07769305682349,1.60670690753462,0,0,0,0,FALSE,TRUE
WV,2024-11-01,240.768818107062,91.4054236596711,-1.97213351039877,2.41180225932644,444.662846363048,0,0,0,FALSE,TRUE
WV,2024-12-01,250.161307327318,93.6180902239727,-2.07755968861916,2.77025205205393,696.643836710446,0,0,0,FALSE,TRUE
WV,2025-01-01,251.255390272032,93.7063626391935,-2.15348732141884,3.28170236525181,648.641114960815,0,0,0,FALSE,TRUE
WV,2025-02-01,249.393422420873,92.5035228854497,-2.21027911437035,2.85108859365103,539.921069723861,0,0,0,FALSE,TRUE
WV,2025-03-01,259.596459306172,101.369941717719,-2.26149465693232,3.89174483207491,372.348838907914,0,0,0,FALSE,TRUE
WV,2025-04-01,253.910982327582,99.0959065268632,-2.34570543757667,3.19701373936625,0,38.339792174748,0,0,FALSE,TRUE
WV,2025-05-01,265.952542657361,98.5781562361187,-2.25467115391737,3.73507991205462,0,212.8374304962,0,0,FALSE,TRUE
WV,2025-06-01,257.496837867112,100.943732972915,-2.65466559136383,3.1201690783097,0,360.421913510754,0,0,FALSE,TRUE
WV,2025-07-01,263.470200394904,100.661317116485,-2.57448004236214,3.58599590279226,0,462.854262405894,0,0,FALSE,TRUE
WV,2025-08-01,261.177834323333,97.7372993859565,-2.72855957233717,2.60396750565737,0,462.26011749441,0,0,FALSE,TRUE
WV,2025-09-01,251.236633402546,91.6208818929869,-2.96688886647119,1.91688719174605,0,192.880554966156,0,0,FALSE,TRUE
WV,2025-10-01,261.006284300162,97.2213354247893,-2.83778772584404,2.6050151451484,0,0,0,0,FALSE,TRUE
WV,2025-11-01,259.226411505795,95.7326716752574,-3.2176415020005,2.48883624251603,407.647918202549,0,0,0,FALSE,TRUE
WV,2025-12-01,265.847253220124,95.1308668538446,-2.9478621287637,2.9825035263756,566.70161824878,0,0,0,FALSE,TRUE
WV,2026-01-01,270.333927518421,99.1009456631079,-3.10007828679091,3.00163200728036,685.751896190064,0,0,0,FALSE,TRUE
WV,2026-02-01,275.824291156104,102.860248668245,-3.32481264735219,3.52187470530161,676.923731214708,0,0,0,FALSE,TRUE
WV,2026-03-01,270.109093124891,103.200581040308,-3.17687325370797,3.04477894477799,319.286525689222,0,0,0,FALSE,TRUE
WV,2026-04-01,274.439667752381,100.520959964087,-3.32042056796181,3.36828126318462,0,0,0,0,FALSE,TRUE
WV,2026-05-01,280.403274279552,110.080057422731,-2.99692679661184,3.72650729104063,0,297.310731319951,0,0,FALSE,TRUE
WV,2026-06-01,281.849229420795,106.491977238078,-3.32206024242327,3.56016962839424,0,441.747713851932,0,0,FALSE,TRUE
